--
-- PostgreSQL database dump
--

-- Dumped from database version 17.2
-- Dumped by pg_dump version 17.2

-- Started on 2025-07-23 18:04:54

SET statement_timeout = 0;
SET lock_timeout = 0;
SET idle_in_transaction_session_timeout = 0;
SET transaction_timeout = 0;
SET client_encoding = 'UTF8';
SET standard_conforming_strings = on;
SELECT pg_catalog.set_config('search_path', '', false);
SET check_function_bodies = false;
SET xmloption = content;
SET client_min_messages = warning;
SET row_security = off;

SET default_tablespace = '';

SET default_table_access_method = heap;

--
-- TOC entry 228 (class 1259 OID 16970)
-- Name: account_customuser; Type: TABLE; Schema: public; Owner: postgres
--

CREATE TABLE public.account_customuser (
    id bigint NOT NULL,
    password character varying(128) NOT NULL,
    last_login timestamp with time zone,
    is_superuser boolean NOT NULL,
    first_name character varying(150) NOT NULL,
    last_name character varying(150) NOT NULL,
    is_staff boolean NOT NULL,
    is_active boolean NOT NULL,
    date_joined timestamp with time zone NOT NULL,
    nickname character varying(50) NOT NULL,
    email character varying(254) NOT NULL,
    age integer,
    city character varying(50),
    profession character varying(100),
    hobby character varying(100),
    extra_info text,
    image character varying(250)
);


ALTER TABLE public.account_customuser OWNER TO postgres;

--
-- TOC entry 230 (class 1259 OID 16984)
-- Name: account_customuser_following; Type: TABLE; Schema: public; Owner: postgres
--

CREATE TABLE public.account_customuser_following (
    id bigint NOT NULL,
    from_customuser_id bigint NOT NULL,
    to_customuser_id bigint NOT NULL
);


ALTER TABLE public.account_customuser_following OWNER TO postgres;

--
-- TOC entry 229 (class 1259 OID 16983)
-- Name: account_customuser_following_id_seq; Type: SEQUENCE; Schema: public; Owner: postgres
--

ALTER TABLE public.account_customuser_following ALTER COLUMN id ADD GENERATED BY DEFAULT AS IDENTITY (
    SEQUENCE NAME public.account_customuser_following_id_seq
    START WITH 1
    INCREMENT BY 1
    NO MINVALUE
    NO MAXVALUE
    CACHE 1
);


--
-- TOC entry 232 (class 1259 OID 16990)
-- Name: account_customuser_friends; Type: TABLE; Schema: public; Owner: postgres
--

CREATE TABLE public.account_customuser_friends (
    id bigint NOT NULL,
    from_customuser_id bigint NOT NULL,
    to_customuser_id bigint NOT NULL
);


ALTER TABLE public.account_customuser_friends OWNER TO postgres;

--
-- TOC entry 231 (class 1259 OID 16989)
-- Name: account_customuser_friends_id_seq; Type: SEQUENCE; Schema: public; Owner: postgres
--

ALTER TABLE public.account_customuser_friends ALTER COLUMN id ADD GENERATED BY DEFAULT AS IDENTITY (
    SEQUENCE NAME public.account_customuser_friends_id_seq
    START WITH 1
    INCREMENT BY 1
    NO MINVALUE
    NO MAXVALUE
    CACHE 1
);


--
-- TOC entry 234 (class 1259 OID 16996)
-- Name: account_customuser_groups; Type: TABLE; Schema: public; Owner: postgres
--

CREATE TABLE public.account_customuser_groups (
    id bigint NOT NULL,
    customuser_id bigint NOT NULL,
    group_id integer NOT NULL
);


ALTER TABLE public.account_customuser_groups OWNER TO postgres;

--
-- TOC entry 233 (class 1259 OID 16995)
-- Name: account_customuser_groups_id_seq; Type: SEQUENCE; Schema: public; Owner: postgres
--

ALTER TABLE public.account_customuser_groups ALTER COLUMN id ADD GENERATED BY DEFAULT AS IDENTITY (
    SEQUENCE NAME public.account_customuser_groups_id_seq
    START WITH 1
    INCREMENT BY 1
    NO MINVALUE
    NO MAXVALUE
    CACHE 1
);


--
-- TOC entry 227 (class 1259 OID 16969)
-- Name: account_customuser_id_seq; Type: SEQUENCE; Schema: public; Owner: postgres
--

ALTER TABLE public.account_customuser ALTER COLUMN id ADD GENERATED BY DEFAULT AS IDENTITY (
    SEQUENCE NAME public.account_customuser_id_seq
    START WITH 1
    INCREMENT BY 1
    NO MINVALUE
    NO MAXVALUE
    CACHE 1
);


--
-- TOC entry 265 (class 1259 OID 17365)
-- Name: account_customuser_ignored_requests; Type: TABLE; Schema: public; Owner: postgres
--

CREATE TABLE public.account_customuser_ignored_requests (
    id bigint NOT NULL,
    from_customuser_id bigint NOT NULL,
    to_customuser_id bigint NOT NULL
);


ALTER TABLE public.account_customuser_ignored_requests OWNER TO postgres;

--
-- TOC entry 264 (class 1259 OID 17364)
-- Name: account_customuser_ignored_requests_id_seq; Type: SEQUENCE; Schema: public; Owner: postgres
--

ALTER TABLE public.account_customuser_ignored_requests ALTER COLUMN id ADD GENERATED BY DEFAULT AS IDENTITY (
    SEQUENCE NAME public.account_customuser_ignored_requests_id_seq
    START WITH 1
    INCREMENT BY 1
    NO MINVALUE
    NO MAXVALUE
    CACHE 1
);


--
-- TOC entry 236 (class 1259 OID 17002)
-- Name: account_customuser_user_permissions; Type: TABLE; Schema: public; Owner: postgres
--

CREATE TABLE public.account_customuser_user_permissions (
    id bigint NOT NULL,
    customuser_id bigint NOT NULL,
    permission_id integer NOT NULL
);


ALTER TABLE public.account_customuser_user_permissions OWNER TO postgres;

--
-- TOC entry 235 (class 1259 OID 17001)
-- Name: account_customuser_user_permissions_id_seq; Type: SEQUENCE; Schema: public; Owner: postgres
--

ALTER TABLE public.account_customuser_user_permissions ALTER COLUMN id ADD GENERATED BY DEFAULT AS IDENTITY (
    SEQUENCE NAME public.account_customuser_user_permissions_id_seq
    START WITH 1
    INCREMENT BY 1
    NO MINVALUE
    NO MAXVALUE
    CACHE 1
);


--
-- TOC entry 238 (class 1259 OID 17008)
-- Name: account_newsfeed; Type: TABLE; Schema: public; Owner: postgres
--

CREATE TABLE public.account_newsfeed (
    id bigint NOT NULL,
    text text NOT NULL,
    file character varying(100),
    created_at timestamp with time zone NOT NULL,
    profile_id bigint NOT NULL
);


ALTER TABLE public.account_newsfeed OWNER TO postgres;

--
-- TOC entry 237 (class 1259 OID 17007)
-- Name: account_newsfeed_id_seq; Type: SEQUENCE; Schema: public; Owner: postgres
--

ALTER TABLE public.account_newsfeed ALTER COLUMN id ADD GENERATED BY DEFAULT AS IDENTITY (
    SEQUENCE NAME public.account_newsfeed_id_seq
    START WITH 1
    INCREMENT BY 1
    NO MINVALUE
    NO MAXVALUE
    CACHE 1
);


--
-- TOC entry 240 (class 1259 OID 17016)
-- Name: account_newsfeedcomments; Type: TABLE; Schema: public; Owner: postgres
--

CREATE TABLE public.account_newsfeedcomments (
    id bigint NOT NULL,
    text text NOT NULL,
    file character varying(100),
    created_at timestamp with time zone NOT NULL,
    newsfeed_id bigint NOT NULL,
    profile_id bigint NOT NULL
);


ALTER TABLE public.account_newsfeedcomments OWNER TO postgres;

--
-- TOC entry 239 (class 1259 OID 17015)
-- Name: account_newsfeedcomments_id_seq; Type: SEQUENCE; Schema: public; Owner: postgres
--

ALTER TABLE public.account_newsfeedcomments ALTER COLUMN id ADD GENERATED BY DEFAULT AS IDENTITY (
    SEQUENCE NAME public.account_newsfeedcomments_id_seq
    START WITH 1
    INCREMENT BY 1
    NO MINVALUE
    NO MAXVALUE
    CACHE 1
);


--
-- TOC entry 224 (class 1259 OID 16930)
-- Name: auth_group; Type: TABLE; Schema: public; Owner: postgres
--

CREATE TABLE public.auth_group (
    id integer NOT NULL,
    name character varying(150) NOT NULL
);


ALTER TABLE public.auth_group OWNER TO postgres;

--
-- TOC entry 223 (class 1259 OID 16929)
-- Name: auth_group_id_seq; Type: SEQUENCE; Schema: public; Owner: postgres
--

ALTER TABLE public.auth_group ALTER COLUMN id ADD GENERATED BY DEFAULT AS IDENTITY (
    SEQUENCE NAME public.auth_group_id_seq
    START WITH 1
    INCREMENT BY 1
    NO MINVALUE
    NO MAXVALUE
    CACHE 1
);


--
-- TOC entry 226 (class 1259 OID 16938)
-- Name: auth_group_permissions; Type: TABLE; Schema: public; Owner: postgres
--

CREATE TABLE public.auth_group_permissions (
    id bigint NOT NULL,
    group_id integer NOT NULL,
    permission_id integer NOT NULL
);


ALTER TABLE public.auth_group_permissions OWNER TO postgres;

--
-- TOC entry 225 (class 1259 OID 16937)
-- Name: auth_group_permissions_id_seq; Type: SEQUENCE; Schema: public; Owner: postgres
--

ALTER TABLE public.auth_group_permissions ALTER COLUMN id ADD GENERATED BY DEFAULT AS IDENTITY (
    SEQUENCE NAME public.auth_group_permissions_id_seq
    START WITH 1
    INCREMENT BY 1
    NO MINVALUE
    NO MAXVALUE
    CACHE 1
);


--
-- TOC entry 222 (class 1259 OID 16924)
-- Name: auth_permission; Type: TABLE; Schema: public; Owner: postgres
--

CREATE TABLE public.auth_permission (
    id integer NOT NULL,
    name character varying(255) NOT NULL,
    content_type_id integer NOT NULL,
    codename character varying(100) NOT NULL
);


ALTER TABLE public.auth_permission OWNER TO postgres;

--
-- TOC entry 221 (class 1259 OID 16923)
-- Name: auth_permission_id_seq; Type: SEQUENCE; Schema: public; Owner: postgres
--

ALTER TABLE public.auth_permission ALTER COLUMN id ADD GENERATED BY DEFAULT AS IDENTITY (
    SEQUENCE NAME public.auth_permission_id_seq
    START WITH 1
    INCREMENT BY 1
    NO MINVALUE
    NO MAXVALUE
    CACHE 1
);


--
-- TOC entry 269 (class 1259 OID 17454)
-- Name: chat_attachment; Type: TABLE; Schema: public; Owner: postgres
--

CREATE TABLE public.chat_attachment (
    id bigint NOT NULL,
    file character varying(100) NOT NULL,
    created_at timestamp with time zone NOT NULL,
    message_id bigint NOT NULL
);


ALTER TABLE public.chat_attachment OWNER TO postgres;

--
-- TOC entry 268 (class 1259 OID 17453)
-- Name: chat_attachment_id_seq; Type: SEQUENCE; Schema: public; Owner: postgres
--

ALTER TABLE public.chat_attachment ALTER COLUMN id ADD GENERATED BY DEFAULT AS IDENTITY (
    SEQUENCE NAME public.chat_attachment_id_seq
    START WITH 1
    INCREMENT BY 1
    NO MINVALUE
    NO MAXVALUE
    CACHE 1
);


--
-- TOC entry 244 (class 1259 OID 17127)
-- Name: chat_chat; Type: TABLE; Schema: public; Owner: postgres
--

CREATE TABLE public.chat_chat (
    id bigint NOT NULL,
    name character varying(255),
    is_group boolean NOT NULL,
    created_at timestamp with time zone NOT NULL,
    image character varying(100),
    creator_id bigint
);


ALTER TABLE public.chat_chat OWNER TO postgres;

--
-- TOC entry 267 (class 1259 OID 17428)
-- Name: chat_chat_admins; Type: TABLE; Schema: public; Owner: postgres
--

CREATE TABLE public.chat_chat_admins (
    id bigint NOT NULL,
    chat_id bigint NOT NULL,
    customuser_id bigint NOT NULL
);


ALTER TABLE public.chat_chat_admins OWNER TO postgres;

--
-- TOC entry 266 (class 1259 OID 17427)
-- Name: chat_chat_admins_id_seq; Type: SEQUENCE; Schema: public; Owner: postgres
--

ALTER TABLE public.chat_chat_admins ALTER COLUMN id ADD GENERATED BY DEFAULT AS IDENTITY (
    SEQUENCE NAME public.chat_chat_admins_id_seq
    START WITH 1
    INCREMENT BY 1
    NO MINVALUE
    NO MAXVALUE
    CACHE 1
);


--
-- TOC entry 243 (class 1259 OID 17126)
-- Name: chat_chat_id_seq; Type: SEQUENCE; Schema: public; Owner: postgres
--

ALTER TABLE public.chat_chat ALTER COLUMN id ADD GENERATED BY DEFAULT AS IDENTITY (
    SEQUENCE NAME public.chat_chat_id_seq
    START WITH 1
    INCREMENT BY 1
    NO MINVALUE
    NO MAXVALUE
    CACHE 1
);


--
-- TOC entry 246 (class 1259 OID 17133)
-- Name: chat_chat_participants; Type: TABLE; Schema: public; Owner: postgres
--

CREATE TABLE public.chat_chat_participants (
    id bigint NOT NULL,
    chat_id bigint NOT NULL,
    customuser_id bigint NOT NULL
);


ALTER TABLE public.chat_chat_participants OWNER TO postgres;

--
-- TOC entry 245 (class 1259 OID 17132)
-- Name: chat_chat_participants_id_seq; Type: SEQUENCE; Schema: public; Owner: postgres
--

ALTER TABLE public.chat_chat_participants ALTER COLUMN id ADD GENERATED BY DEFAULT AS IDENTITY (
    SEQUENCE NAME public.chat_chat_participants_id_seq
    START WITH 1
    INCREMENT BY 1
    NO MINVALUE
    NO MAXVALUE
    CACHE 1
);


--
-- TOC entry 271 (class 1259 OID 17466)
-- Name: chat_hiddenchat; Type: TABLE; Schema: public; Owner: postgres
--

CREATE TABLE public.chat_hiddenchat (
    id bigint NOT NULL,
    hidden_at timestamp with time zone NOT NULL,
    chat_id bigint NOT NULL,
    user_id bigint NOT NULL
);


ALTER TABLE public.chat_hiddenchat OWNER TO postgres;

--
-- TOC entry 270 (class 1259 OID 17465)
-- Name: chat_hiddenchat_id_seq; Type: SEQUENCE; Schema: public; Owner: postgres
--

ALTER TABLE public.chat_hiddenchat ALTER COLUMN id ADD GENERATED BY DEFAULT AS IDENTITY (
    SEQUENCE NAME public.chat_hiddenchat_id_seq
    START WITH 1
    INCREMENT BY 1
    NO MINVALUE
    NO MAXVALUE
    CACHE 1
);


--
-- TOC entry 248 (class 1259 OID 17139)
-- Name: chat_message; Type: TABLE; Schema: public; Owner: postgres
--

CREATE TABLE public.chat_message (
    id bigint NOT NULL,
    text text,
    created_at timestamp with time zone NOT NULL,
    chat_id bigint NOT NULL,
    sender_id bigint NOT NULL
);


ALTER TABLE public.chat_message OWNER TO postgres;

--
-- TOC entry 247 (class 1259 OID 17138)
-- Name: chat_message_id_seq; Type: SEQUENCE; Schema: public; Owner: postgres
--

ALTER TABLE public.chat_message ALTER COLUMN id ADD GENERATED BY DEFAULT AS IDENTITY (
    SEQUENCE NAME public.chat_message_id_seq
    START WITH 1
    INCREMENT BY 1
    NO MINVALUE
    NO MAXVALUE
    CACHE 1
);


--
-- TOC entry 242 (class 1259 OID 17106)
-- Name: django_admin_log; Type: TABLE; Schema: public; Owner: postgres
--

CREATE TABLE public.django_admin_log (
    id integer NOT NULL,
    action_time timestamp with time zone NOT NULL,
    object_id text,
    object_repr character varying(200) NOT NULL,
    action_flag smallint NOT NULL,
    change_message text NOT NULL,
    content_type_id integer,
    user_id bigint NOT NULL,
    CONSTRAINT django_admin_log_action_flag_check CHECK ((action_flag >= 0))
);


ALTER TABLE public.django_admin_log OWNER TO postgres;

--
-- TOC entry 241 (class 1259 OID 17105)
-- Name: django_admin_log_id_seq; Type: SEQUENCE; Schema: public; Owner: postgres
--

ALTER TABLE public.django_admin_log ALTER COLUMN id ADD GENERATED BY DEFAULT AS IDENTITY (
    SEQUENCE NAME public.django_admin_log_id_seq
    START WITH 1
    INCREMENT BY 1
    NO MINVALUE
    NO MAXVALUE
    CACHE 1
);


--
-- TOC entry 220 (class 1259 OID 16916)
-- Name: django_content_type; Type: TABLE; Schema: public; Owner: postgres
--

CREATE TABLE public.django_content_type (
    id integer NOT NULL,
    app_label character varying(100) NOT NULL,
    model character varying(100) NOT NULL
);


ALTER TABLE public.django_content_type OWNER TO postgres;

--
-- TOC entry 219 (class 1259 OID 16915)
-- Name: django_content_type_id_seq; Type: SEQUENCE; Schema: public; Owner: postgres
--

ALTER TABLE public.django_content_type ALTER COLUMN id ADD GENERATED BY DEFAULT AS IDENTITY (
    SEQUENCE NAME public.django_content_type_id_seq
    START WITH 1
    INCREMENT BY 1
    NO MINVALUE
    NO MAXVALUE
    CACHE 1
);


--
-- TOC entry 218 (class 1259 OID 16908)
-- Name: django_migrations; Type: TABLE; Schema: public; Owner: postgres
--

CREATE TABLE public.django_migrations (
    id bigint NOT NULL,
    app character varying(255) NOT NULL,
    name character varying(255) NOT NULL,
    applied timestamp with time zone NOT NULL
);


ALTER TABLE public.django_migrations OWNER TO postgres;

--
-- TOC entry 217 (class 1259 OID 16907)
-- Name: django_migrations_id_seq; Type: SEQUENCE; Schema: public; Owner: postgres
--

ALTER TABLE public.django_migrations ALTER COLUMN id ADD GENERATED BY DEFAULT AS IDENTITY (
    SEQUENCE NAME public.django_migrations_id_seq
    START WITH 1
    INCREMENT BY 1
    NO MINVALUE
    NO MAXVALUE
    CACHE 1
);


--
-- TOC entry 263 (class 1259 OID 17297)
-- Name: django_session; Type: TABLE; Schema: public; Owner: postgres
--

CREATE TABLE public.django_session (
    session_key character varying(40) NOT NULL,
    session_data text NOT NULL,
    expire_date timestamp with time zone NOT NULL
);


ALTER TABLE public.django_session OWNER TO postgres;

--
-- TOC entry 250 (class 1259 OID 17173)
-- Name: main_alcoholtype; Type: TABLE; Schema: public; Owner: postgres
--

CREATE TABLE public.main_alcoholtype (
    id bigint NOT NULL,
    type character varying NOT NULL
);


ALTER TABLE public.main_alcoholtype OWNER TO postgres;

--
-- TOC entry 249 (class 1259 OID 17172)
-- Name: main_alcoholtype_id_seq; Type: SEQUENCE; Schema: public; Owner: postgres
--

ALTER TABLE public.main_alcoholtype ALTER COLUMN id ADD GENERATED BY DEFAULT AS IDENTITY (
    SEQUENCE NAME public.main_alcoholtype_id_seq
    START WITH 1
    INCREMENT BY 1
    NO MINVALUE
    NO MAXVALUE
    CACHE 1
);


--
-- TOC entry 252 (class 1259 OID 17189)
-- Name: main_beer; Type: TABLE; Schema: public; Owner: postgres
--

CREATE TABLE public.main_beer (
    id bigint NOT NULL,
    name character varying NOT NULL,
    price numeric(5,2) NOT NULL,
    description text NOT NULL,
    aroma character varying,
    taste character varying,
    aftertaste character varying,
    composition character varying,
    combition_with character varying,
    country character varying NOT NULL,
    style character varying NOT NULL,
    type character varying NOT NULL,
    color character varying NOT NULL,
    image character varying(100),
    alcoholtype_id bigint NOT NULL,
    slug character varying(50),
    created_at timestamp with time zone NOT NULL
);


ALTER TABLE public.main_beer OWNER TO postgres;

--
-- TOC entry 251 (class 1259 OID 17188)
-- Name: main_beer_id_seq; Type: SEQUENCE; Schema: public; Owner: postgres
--

ALTER TABLE public.main_beer ALTER COLUMN id ADD GENERATED BY DEFAULT AS IDENTITY (
    SEQUENCE NAME public.main_beer_id_seq
    START WITH 1
    INCREMENT BY 1
    NO MINVALUE
    NO MAXVALUE
    CACHE 1
);


--
-- TOC entry 254 (class 1259 OID 17197)
-- Name: main_cognak; Type: TABLE; Schema: public; Owner: postgres
--

CREATE TABLE public.main_cognak (
    id bigint NOT NULL,
    name character varying NOT NULL,
    description text NOT NULL,
    price numeric(7,2) NOT NULL,
    country character varying NOT NULL,
    strength numeric(4,2) NOT NULL,
    volume numeric(4,3) NOT NULL,
    excerpt character varying NOT NULL,
    supply_temperature character varying NOT NULL,
    image character varying(100),
    alcoholtype_id bigint NOT NULL,
    slug character varying(50),
    created_at timestamp with time zone NOT NULL
);


ALTER TABLE public.main_cognak OWNER TO postgres;

--
-- TOC entry 253 (class 1259 OID 17196)
-- Name: main_cognak_id_seq; Type: SEQUENCE; Schema: public; Owner: postgres
--

ALTER TABLE public.main_cognak ALTER COLUMN id ADD GENERATED BY DEFAULT AS IDENTITY (
    SEQUENCE NAME public.main_cognak_id_seq
    START WITH 1
    INCREMENT BY 1
    NO MINVALUE
    NO MAXVALUE
    CACHE 1
);


--
-- TOC entry 273 (class 1259 OID 17491)
-- Name: main_order; Type: TABLE; Schema: public; Owner: postgres
--

CREATE TABLE public.main_order (
    id bigint NOT NULL,
    created_at timestamp with time zone NOT NULL,
    status character varying(30) NOT NULL,
    user_id bigint
);


ALTER TABLE public.main_order OWNER TO postgres;

--
-- TOC entry 272 (class 1259 OID 17490)
-- Name: main_order_id_seq; Type: SEQUENCE; Schema: public; Owner: postgres
--

ALTER TABLE public.main_order ALTER COLUMN id ADD GENERATED BY DEFAULT AS IDENTITY (
    SEQUENCE NAME public.main_order_id_seq
    START WITH 1
    INCREMENT BY 1
    NO MINVALUE
    NO MAXVALUE
    CACHE 1
);


--
-- TOC entry 275 (class 1259 OID 17497)
-- Name: main_orderitem; Type: TABLE; Schema: public; Owner: postgres
--

CREATE TABLE public.main_orderitem (
    id bigint NOT NULL,
    object_id integer NOT NULL,
    quantity integer NOT NULL,
    price numeric(8,2) NOT NULL,
    content_type_id integer NOT NULL,
    order_id bigint NOT NULL,
    CONSTRAINT main_orderitem_object_id_check CHECK ((object_id >= 0)),
    CONSTRAINT main_orderitem_quantity_check CHECK ((quantity >= 0))
);


ALTER TABLE public.main_orderitem OWNER TO postgres;

--
-- TOC entry 274 (class 1259 OID 17496)
-- Name: main_orderitem_id_seq; Type: SEQUENCE; Schema: public; Owner: postgres
--

ALTER TABLE public.main_orderitem ALTER COLUMN id ADD GENERATED BY DEFAULT AS IDENTITY (
    SEQUENCE NAME public.main_orderitem_id_seq
    START WITH 1
    INCREMENT BY 1
    NO MINVALUE
    NO MAXVALUE
    CACHE 1
);


--
-- TOC entry 256 (class 1259 OID 17205)
-- Name: main_purchasehistory; Type: TABLE; Schema: public; Owner: postgres
--

CREATE TABLE public.main_purchasehistory (
    id bigint NOT NULL,
    object_id integer NOT NULL,
    quantity integer NOT NULL,
    price numeric(10,2) NOT NULL,
    purchased_at timestamp with time zone NOT NULL,
    content_type_id integer NOT NULL,
    user_id bigint NOT NULL,
    CONSTRAINT main_purchasehistory_object_id_check CHECK ((object_id >= 0)),
    CONSTRAINT main_purchasehistory_quantity_check CHECK ((quantity >= 0))
);


ALTER TABLE public.main_purchasehistory OWNER TO postgres;

--
-- TOC entry 255 (class 1259 OID 17204)
-- Name: main_purchasehistory_id_seq; Type: SEQUENCE; Schema: public; Owner: postgres
--

ALTER TABLE public.main_purchasehistory ALTER COLUMN id ADD GENERATED BY DEFAULT AS IDENTITY (
    SEQUENCE NAME public.main_purchasehistory_id_seq
    START WITH 1
    INCREMENT BY 1
    NO MINVALUE
    NO MAXVALUE
    CACHE 1
);


--
-- TOC entry 258 (class 1259 OID 17213)
-- Name: main_reviews; Type: TABLE; Schema: public; Owner: postgres
--

CREATE TABLE public.main_reviews (
    id bigint NOT NULL,
    text text NOT NULL,
    created_at timestamp with time zone NOT NULL,
    object_id integer NOT NULL,
    author_id bigint NOT NULL,
    content_type_id integer NOT NULL,
    rate integer NOT NULL,
    CONSTRAINT main_reviews_object_id_check CHECK ((object_id >= 0)),
    CONSTRAINT main_reviews_rate_check CHECK ((rate >= 0))
);


ALTER TABLE public.main_reviews OWNER TO postgres;

--
-- TOC entry 257 (class 1259 OID 17212)
-- Name: main_reviews_id_seq; Type: SEQUENCE; Schema: public; Owner: postgres
--

ALTER TABLE public.main_reviews ALTER COLUMN id ADD GENERATED BY DEFAULT AS IDENTITY (
    SEQUENCE NAME public.main_reviews_id_seq
    START WITH 1
    INCREMENT BY 1
    NO MINVALUE
    NO MAXVALUE
    CACHE 1
);


--
-- TOC entry 260 (class 1259 OID 17222)
-- Name: main_vine; Type: TABLE; Schema: public; Owner: postgres
--

CREATE TABLE public.main_vine (
    id bigint NOT NULL,
    name character varying(150) NOT NULL,
    description text NOT NULL,
    price numeric(6,2) NOT NULL,
    country character varying NOT NULL,
    volume numeric(4,2) NOT NULL,
    supply_temperature character varying NOT NULL,
    taste character varying,
    color character varying NOT NULL,
    sugar_supply character varying NOT NULL,
    image character varying(100),
    alcoholtype_id bigint NOT NULL,
    slug character varying(150),
    created_at timestamp with time zone NOT NULL
);


ALTER TABLE public.main_vine OWNER TO postgres;

--
-- TOC entry 259 (class 1259 OID 17221)
-- Name: main_vine_id_seq; Type: SEQUENCE; Schema: public; Owner: postgres
--

ALTER TABLE public.main_vine ALTER COLUMN id ADD GENERATED BY DEFAULT AS IDENTITY (
    SEQUENCE NAME public.main_vine_id_seq
    START WITH 1
    INCREMENT BY 1
    NO MINVALUE
    NO MAXVALUE
    CACHE 1
);


--
-- TOC entry 262 (class 1259 OID 17230)
-- Name: main_vodka; Type: TABLE; Schema: public; Owner: postgres
--

CREATE TABLE public.main_vodka (
    id bigint NOT NULL,
    name character varying NOT NULL,
    description text NOT NULL,
    price numeric(6,2) NOT NULL,
    country character varying NOT NULL,
    strength numeric(4,2) NOT NULL,
    volume numeric(4,2) NOT NULL,
    serving_temperature character varying NOT NULL,
    image character varying(100),
    alcoholtype_id bigint NOT NULL,
    slug character varying(50),
    created_at timestamp with time zone NOT NULL
);


ALTER TABLE public.main_vodka OWNER TO postgres;

--
-- TOC entry 261 (class 1259 OID 17229)
-- Name: main_vodka_id_seq; Type: SEQUENCE; Schema: public; Owner: postgres
--

ALTER TABLE public.main_vodka ALTER COLUMN id ADD GENERATED BY DEFAULT AS IDENTITY (
    SEQUENCE NAME public.main_vodka_id_seq
    START WITH 1
    INCREMENT BY 1
    NO MINVALUE
    NO MAXVALUE
    CACHE 1
);


--
-- TOC entry 5127 (class 0 OID 16970)
-- Dependencies: 228
-- Data for Name: account_customuser; Type: TABLE DATA; Schema: public; Owner: postgres
--

COPY public.account_customuser (id, password, last_login, is_superuser, first_name, last_name, is_staff, is_active, date_joined, nickname, email, age, city, profession, hobby, extra_info, image) FROM stdin;
26	pbkdf2_sha256$870000$bYd5PYfLkPfOktSmJMtuCT$kdEPFyvA+voRwhf3OXMt40SeGn1CrtUi8WsEooXTyJc=	\N	f			f	t	2025-02-26 10:40:24+02	amir555	amir555@gmail.com	\N	\N	\N	\N		avatars/user_amir555/jerry.jfif
25	pbkdf2_sha256$870000$D3mWEb97mp5OejDUomwfj0$L1CP/cwsn830IOqC2VZrApfEMMJLr64n609h+mhR0Eo=	\N	f			f	t	2025-02-26 10:39:22+02	nikitos_papiros	nikitos_papiros@gmail.com	\N	\N	\N	\N		avatars/user_nikitos_papiros/mansiga.jfif
24	pbkdf2_sha256$870000$RXhfFyUdjHgZSgNYZQx6tQ$AEPWYU1oVH2XWTMpxteV9p2S9Z1Ycfa0t4oD0QcD1lY=	\N	f			f	t	2025-02-26 10:38:21+02	olezha224	olezha224@gmail.com	\N	\N	\N	\N		avatars/user_olezha224/minion.jfif
23	pbkdf2_sha256$870000$Og2K0cV1vtlP9ihg4FFg0L$zOEp4+hyerNRFoGz1Js6E8U8gJuDUtuwjS54nLJbw6M=	\N	f			f	t	2025-02-26 10:37:14+02	aliska567	aliska567@gmail.com	\N	\N	\N	\N		avatars/user_aliska567/robot.jfif
22	pbkdf2_sha256$870000$PjtkoACSRnsnVZi0RKd9Vz$URVPY6G4wq0pWu1H5o47ev8k86tpCz+WR5fOPCHc5gg=	\N	f			f	t	2025-02-26 10:36:17+02	pashka334	pashka334@gmail.com	\N	\N	\N	\N		avatars/user_pashka334/semisquid.jfif
32	pbkdf2_sha256$870000$EubQ878vDrU5YpDz4l2efH$MBakwUHJ16ceAHXAe2wwF3rBnrnVQkyTTSrknKa2DRc=	\N	f			f	t	2025-02-26 10:46:14+02	dashka555	dashka555@gmail.com	\N	\N	\N	\N		avatars/user_dashka555/bird.jfif
31	pbkdf2_sha256$870000$OgtdMzaxAOkLgARfaGHF86$U9uPgj3l7A6d2eXya58yCAa3NRLtQLUhN76u9TWb4T0=	\N	f			f	t	2025-02-26 10:45:14+02	boom243	boom243@gmail.com	\N	\N	\N	\N		avatars/user_boom243/boxhead.jfif
30	pbkdf2_sha256$870000$c6WPfSv9GDQLruujWjZ7eU$yAfE4HmwYY0vhE08h78lxr8EBhOkzjILJ0SbfhINISI=	\N	f			f	t	2025-02-26 10:44:23+02	tiger908	tiger908@gmail.com	\N	\N	\N	\N		avatars/user_tiger908/ct.jfif
33	pbkdf2_sha256$870000$PQiNIuV7kp1u7UmVzr54Dd$FNvLmCaCmyJk3dT7m7HmWC6zEb8ZYzdbcRiwNml6dHo=	\N	f			f	t	2025-02-26 10:47:20+02	anzhelka322	anzhelka322@gmail.com	\N	\N	\N	\N		avatars/user_anzhelka322/avatars/user_anzhelka322/avatars/user_anzhelka322/betmen_bQxk6mc.jfif
28	pbkdf2_sha256$870000$rGU8bt8CXM8waMDa58L9iB$6bt/WfCR0zhHjzX8a8hhSOrTvQdOZKGB8nVoO8Cvud8=	\N	f			f	t	2025-02-26 10:42:33+02	baby378	baby378@gmail.com	\N	\N	\N	\N		avatars/user_baby378/avatars/user_baby378/avatars/user_baby378/avatars/user_baby378/avatars/user_baby378/avatars/user_baby378/face.jfif
19	pbkdf2_sha256$870000$zhmgYwKg2PhyCjeBGzukTA$QE54RuyB0Jvcn3TQNS59cn1FpQwfp5dnqEreQ/psyZw=	2025-02-26 10:30:54+02	t			t	t	2025-02-26 10:28:29+02	buhar22848	buhar22848@example.com	\N	lutsk	\N	\N		avatars/user_buhar22848/trololo_eXJ3uPa.jfif
27	pbkdf2_sha256$870000$Ei7yDffCRhFVUgxoiGoZmT$PagF+gzdI5nssr/iQ2HihWkJj6hNzEFil3OpW+BVjYk=	\N	f			f	t	2025-02-26 10:41:43+02	flash228	flash228@gmail.com	\N	\N	\N	\N		avatars/user_flash228/fuck_BJrxaWU.jfif
29	pbkdf2_sha256$870000$YkXxMzXJidiiFj60MYnFq2$3VVgBBTz+O0Q/fHFPkiTu0ustxlL6TGjhEabE46wyZM=	\N	f			f	t	2025-02-26 10:43:36+02	kitty546	kitty546@gmail.com	\N	\N	\N	\N		avatars/user_kitty546/e3fe6a14-5600-4250-bffd-e2427934ac46.jfif
1	pbkdf2_sha256$870000$fIH7zx1ZnbuEhWJAE7iKJ5$tF7AUUSLm/HYpfLrCinmLY7ZjXBxsQ9+29ye35KH5CU=	2025-07-01 14:44:03.023449+03	t			t	t	2025-02-05 12:20:11+02	admin	4918bolia@ogasa.org.ua	\N	odesa	\N	\N		avatars/user_admin/worker.jfif
21	pbkdf2_sha256$870000$TvFVMrQlawBxKZYWfSPOqn$zqTK0xUT1igy78zrT4yZEKiXDnSc36KWHRbUpzrYA8o=	\N	f	алина	Никифоровна	f	t	2025-02-26 10:32:13+02	milashka445	milashka445@gmail.com	22	kharkiv	Парикмахер123	Вышивание123	Я жизнерадостный человек, который любить хорошо выпить и классно провести время в кругу прекрасных людей, также люблю дарить позитив всем окружающим особенно тем кто меня любит. Когда я наливаю вино в свой бокал моя жизнь становится прекраснее и я забываю о всех моих проблемах и ухожу в нирвану ни о чем не думая. Буду рада новым знакомствам и совместным вечеринкам с бокалом в руках ))))	avatars/user_milashka445/7b3ff748-ef88-4051-8e72-f23722bc9ef4.jfif
\.


--
-- TOC entry 5129 (class 0 OID 16984)
-- Dependencies: 230
-- Data for Name: account_customuser_following; Type: TABLE DATA; Schema: public; Owner: postgres
--

COPY public.account_customuser_following (id, from_customuser_id, to_customuser_id) FROM stdin;
20	21	32
22	21	31
23	19	21
38	29	21
40	27	21
\.


--
-- TOC entry 5131 (class 0 OID 16990)
-- Dependencies: 232
-- Data for Name: account_customuser_friends; Type: TABLE DATA; Schema: public; Owner: postgres
--

COPY public.account_customuser_friends (id, from_customuser_id, to_customuser_id) FROM stdin;
2	21	23
7	23	21
11	21	24
15	24	21
143	21	22
144	22	21
75	21	25
77	25	21
83	21	26
84	26	21
\.


--
-- TOC entry 5133 (class 0 OID 16996)
-- Dependencies: 234
-- Data for Name: account_customuser_groups; Type: TABLE DATA; Schema: public; Owner: postgres
--

COPY public.account_customuser_groups (id, customuser_id, group_id) FROM stdin;
\.


--
-- TOC entry 5164 (class 0 OID 17365)
-- Dependencies: 265
-- Data for Name: account_customuser_ignored_requests; Type: TABLE DATA; Schema: public; Owner: postgres
--

COPY public.account_customuser_ignored_requests (id, from_customuser_id, to_customuser_id) FROM stdin;
1	21	19
2	30	21
3	21	29
4	21	22
\.


--
-- TOC entry 5135 (class 0 OID 17002)
-- Dependencies: 236
-- Data for Name: account_customuser_user_permissions; Type: TABLE DATA; Schema: public; Owner: postgres
--

COPY public.account_customuser_user_permissions (id, customuser_id, permission_id) FROM stdin;
\.


--
-- TOC entry 5137 (class 0 OID 17008)
-- Dependencies: 238
-- Data for Name: account_newsfeed; Type: TABLE DATA; Schema: public; Owner: postgres
--

COPY public.account_newsfeed (id, text, file, created_at, profile_id) FROM stdin;
2	Сегодня был прекрасный день потому что я взяла мое любимое пиво	pivo-fanatic-cryo-apa_qkmPu4d.webp	2025-02-28 17:58:02.563549+02	21
3	Сегодня так плохо после вчера, отхожу от похмелья(((		2025-03-12 20:17:42.140508+02	21
\.


--
-- TOC entry 5139 (class 0 OID 17016)
-- Dependencies: 240
-- Data for Name: account_newsfeedcomments; Type: TABLE DATA; Schema: public; Owner: postgres
--

COPY public.account_newsfeedcomments (id, text, file, created_at, newsfeed_id, profile_id) FROM stdin;
3	Круто, а какое пиво пила?)		2025-03-12 19:25:15.837435+02	2	26
2	А слабо запить это водкой?)))	vodka-koskenkorva-07-l.jpg	2025-03-12 20:16:29.530582+02	2	28
4	Поправляйся)		2025-03-12 20:18:42.749733+02	3	25
5	Держись)		2025-03-12 20:18:59.247366+02	3	24
41	hey		2025-03-20 12:05:25.398075+02	2	28
42	Как самочувствие?		2025-03-20 12:05:50.074762+02	3	28
43	sps		2025-06-02 13:40:08.263664+03	2	21
44	dsd		2025-06-03 20:05:33.83442+03	2	21
45	ааа		2025-06-08 18:40:28.738985+03	2	29
46	авав		2025-06-18 10:42:10.292327+03	2	21
47	привет		2025-06-29 18:33:01.380505+03	2	29
48	привет		2025-06-29 18:33:19.115526+03	2	21
49	ю.		2025-06-29 19:34:55.373943+03	2	21
50	fgd		2025-06-29 19:42:07.894951+03	2	29
\.


--
-- TOC entry 5123 (class 0 OID 16930)
-- Dependencies: 224
-- Data for Name: auth_group; Type: TABLE DATA; Schema: public; Owner: postgres
--

COPY public.auth_group (id, name) FROM stdin;
\.


--
-- TOC entry 5125 (class 0 OID 16938)
-- Dependencies: 226
-- Data for Name: auth_group_permissions; Type: TABLE DATA; Schema: public; Owner: postgres
--

COPY public.auth_group_permissions (id, group_id, permission_id) FROM stdin;
\.


--
-- TOC entry 5121 (class 0 OID 16924)
-- Dependencies: 222
-- Data for Name: auth_permission; Type: TABLE DATA; Schema: public; Owner: postgres
--

COPY public.auth_permission (id, name, content_type_id, codename) FROM stdin;
1	Can add log entry	1	add_logentry
2	Can change log entry	1	change_logentry
3	Can delete log entry	1	delete_logentry
4	Can view log entry	1	view_logentry
5	Can add permission	2	add_permission
6	Can change permission	2	change_permission
7	Can delete permission	2	delete_permission
8	Can view permission	2	view_permission
9	Can add group	3	add_group
10	Can change group	3	change_group
11	Can delete group	3	delete_group
12	Can view group	3	view_group
13	Can add content type	4	add_contenttype
14	Can change content type	4	change_contenttype
15	Can delete content type	4	delete_contenttype
16	Can view content type	4	view_contenttype
17	Can add session	5	add_session
18	Can change session	5	change_session
19	Can delete session	5	delete_session
20	Can view session	5	view_session
21	Can add Аккаунт	6	add_customuser
22	Can change Аккаунт	6	change_customuser
23	Can delete Аккаунт	6	delete_customuser
24	Can view Аккаунт	6	view_customuser
25	Can add Запись новостной лента	7	add_newsfeed
26	Can change Запись новостной лента	7	change_newsfeed
27	Can delete Запись новостной лента	7	delete_newsfeed
28	Can view Запись новостной лента	7	view_newsfeed
29	Can add Комментарий к записи в новостной лента	8	add_newsfeedcomments
30	Can change Комментарий к записи в новостной лента	8	change_newsfeedcomments
31	Can delete Комментарий к записи в новостной лента	8	delete_newsfeedcomments
32	Can view Комментарий к записи в новостной лента	8	view_newsfeedcomments
33	Can add Чат	9	add_chat
34	Can change Чат	9	change_chat
35	Can delete Чат	9	delete_chat
36	Can view Чат	9	view_chat
37	Can add Сообщение	10	add_message
38	Can change Сообщение	10	change_message
39	Can delete Сообщение	10	delete_message
40	Can view Сообщение	10	view_message
41	Can add Тип алкоголя	11	add_alcoholtype
42	Can change Тип алкоголя	11	change_alcoholtype
43	Can delete Тип алкоголя	11	delete_alcoholtype
44	Can view Тип алкоголя	11	view_alcoholtype
45	Can add Корзина	12	add_basket
46	Can change Корзина	12	change_basket
47	Can delete Корзина	12	delete_basket
48	Can view Корзина	12	view_basket
49	Can add Пиво	13	add_beer
50	Can change Пиво	13	change_beer
51	Can delete Пиво	13	delete_beer
52	Can view Пиво	13	view_beer
53	Can add Коньяк	14	add_cognak
54	Can change Коньяк	14	change_cognak
55	Can delete Коньяк	14	delete_cognak
56	Can view Коньяк	14	view_cognak
57	Can add История покупок	15	add_purchasehistory
58	Can change История покупок	15	change_purchasehistory
59	Can delete История покупок	15	delete_purchasehistory
60	Can view История покупок	15	view_purchasehistory
61	Can add Отзывы	16	add_reviews
62	Can change Отзывы	16	change_reviews
63	Can delete Отзывы	16	delete_reviews
64	Can view Отзывы	16	view_reviews
65	Can add Вино	17	add_vine
66	Can change Вино	17	change_vine
67	Can delete Вино	17	delete_vine
68	Can view Вино	17	view_vine
69	Can add Водка	18	add_vodka
70	Can change Водка	18	change_vodka
71	Can delete Водка	18	delete_vodka
72	Can view Водка	18	view_vodka
73	Can add attachment	19	add_attachment
74	Can change attachment	19	change_attachment
75	Can delete attachment	19	delete_attachment
76	Can view attachment	19	view_attachment
77	Can add hidden chat	20	add_hiddenchat
78	Can change hidden chat	20	change_hiddenchat
79	Can delete hidden chat	20	delete_hiddenchat
80	Can view hidden chat	20	view_hiddenchat
81	Can add order	21	add_order
82	Can change order	21	change_order
83	Can delete order	21	delete_order
84	Can view order	21	view_order
85	Can add Товар заказа	22	add_orderitem
86	Can change Товар заказа	22	change_orderitem
87	Can delete Товар заказа	22	delete_orderitem
88	Can view Товар заказа	22	view_orderitem
\.


--
-- TOC entry 5168 (class 0 OID 17454)
-- Dependencies: 269
-- Data for Name: chat_attachment; Type: TABLE DATA; Schema: public; Owner: postgres
--

COPY public.chat_attachment (id, file, created_at, message_id) FROM stdin;
13	attachments/photo_2025-06-12_12-21-46_U8tJYLS.jpg	2025-06-17 12:00:35.627953+03	62
14	attachments/photo_2025-06-17_07-19-51_4Vbwi8z.jpg	2025-06-17 12:00:35.634953+03	62
15	attachments/registration_by_email_WizDOh5.jpg	2025-06-18 20:00:08.055545+03	64
16	attachments/Registration_lopebet_gqN3Sl8.mp4	2025-06-18 20:00:08.086158+03	64
\.


--
-- TOC entry 5143 (class 0 OID 17127)
-- Dependencies: 244
-- Data for Name: chat_chat; Type: TABLE DATA; Schema: public; Owner: postgres
--

COPY public.chat_chat (id, name, is_group, created_at, image, creator_id) FROM stdin;
18	\N	f	2025-06-17 10:08:37.727776+03		\N
19	\N	f	2025-06-17 10:10:21.130174+03		\N
20	\N	f	2025-06-17 10:11:51.676491+03		\N
21	\N	f	2025-06-18 09:45:23.902833+03		\N
22	\N	f	2025-06-18 09:45:47.055248+03		\N
15	\N	f	2025-03-04 16:55:47.683196+02		\N
14	\N	f	2025-03-04 16:55:39.487993+02	avatars/user_milashka445/avatars/user_milashka445/avatars/user_milashka445/simpson.jfif	\N
13	\N	f	2025-03-04 16:55:27.763047+02	avatars/user_milashka445/avatars/user_milashka445/avatars/user_milashka445/simpson.jfif	\N
32	бро	t	2025-06-18 14:37:45.165902+03	chat_images/Ввод_и_вывод_13800.jpg	21
34	der	t	2025-06-18 19:54:36.650917+03	chat_images/registration_by_email_ADS1pGd.jpg	21
\.


--
-- TOC entry 5166 (class 0 OID 17428)
-- Dependencies: 267
-- Data for Name: chat_chat_admins; Type: TABLE DATA; Schema: public; Owner: postgres
--

COPY public.chat_chat_admins (id, chat_id, customuser_id) FROM stdin;
\.


--
-- TOC entry 5145 (class 0 OID 17133)
-- Dependencies: 246
-- Data for Name: chat_chat_participants; Type: TABLE DATA; Schema: public; Owner: postgres
--

COPY public.chat_chat_participants (id, chat_id, customuser_id) FROM stdin;
24	13	26
25	13	21
26	14	25
27	14	21
28	15	25
29	15	26
47	18	24
48	18	21
49	19	21
50	19	23
51	20	21
52	20	22
53	21	32
54	21	21
55	22	19
56	22	21
66	32	21
68	34	25
69	34	26
70	34	21
\.


--
-- TOC entry 5170 (class 0 OID 17466)
-- Dependencies: 271
-- Data for Name: chat_hiddenchat; Type: TABLE DATA; Schema: public; Owner: postgres
--

COPY public.chat_hiddenchat (id, hidden_at, chat_id, user_id) FROM stdin;
1	2025-06-17 19:11:45.698487+03	20	21
2	2025-06-17 19:11:53.19496+03	19	21
\.


--
-- TOC entry 5147 (class 0 OID 17139)
-- Dependencies: 248
-- Data for Name: chat_message; Type: TABLE DATA; Schema: public; Owner: postgres
--

COPY public.chat_message (id, text, created_at, chat_id, sender_id) FROM stdin;
63	gh	2025-06-18 19:59:19.791076+03	34	21
64	/	2025-06-18 20:00:08.036278+03	34	21
65	/	2025-06-18 20:00:08.37047+03	34	21
66	при	2025-07-05 14:00:21.517296+03	21	21
11	Привет	2025-03-04 17:26:17.343244+02	13	26
12	Привет)	2025-03-04 17:26:29.013675+02	13	21
14	Приветики)	2025-03-04 17:26:47.306649+02	14	21
15	Привет)	2025-03-04 17:26:58.536623+02	14	25
19	как ты?	2025-06-01 14:05:08.812168+03	14	21
22	ты тут?	2025-06-01 14:22:33.879354+03	14	21
47	папапа	2025-06-15 20:20:31.308847+03	14	21
61	Hi	2025-06-17 10:08:58.504303+03	18	21
62		2025-06-17 12:00:35.573795+03	13	21
\.


--
-- TOC entry 5141 (class 0 OID 17106)
-- Dependencies: 242
-- Data for Name: django_admin_log; Type: TABLE DATA; Schema: public; Owner: postgres
--

COPY public.django_admin_log (id, action_time, object_id, object_repr, action_flag, change_message, content_type_id, user_id) FROM stdin;
1	2025-02-05 12:25:38.00717+02	1	Пиво	1	[{"added": {}}]	11	1
2	2025-02-05 12:31:49.122011+02	1	Пиво Крафтовое пиво FDB Кофейный Портер	1	[{"added": {}}]	13	1
3	2025-02-05 12:50:00.257697+02	2	Пиво Крафтовое пиво IPA VIBES Fanatic West Coast IPA	1	[{"added": {}}]	13	1
4	2025-02-05 12:52:38.373498+02	3	Пиво Пиво Fanatic БОТЕ премиум лагер	1	[{"added": {}}]	13	1
5	2025-02-05 12:52:46.753388+02	3	Пиво Пиво Fanatic БОТЕ премиум лагер	2	[{"changed": {"fields": ["\\u0426\\u0432\\u0435\\u0442"]}}]	13	1
6	2025-02-05 12:54:24.501321+02	4	Пиво Пиво Stella Artois	1	[{"added": {}}]	13	1
7	2025-02-05 12:57:24.098139+02	5	Пиво Пиво Fanatic Porter	1	[{"added": {}}]	13	1
8	2025-02-05 13:43:19.911974+02	6	Пиво Пиво Fanatic Wheat Apricot	1	[{"added": {}}]	13	1
9	2025-02-05 13:44:50.313909+02	7	Пиво Пиво Fanatic Cryo APA	1	[{"added": {}}]	13	1
10	2025-02-05 13:48:00.854341+02	8	Пиво Пиво «Трембита»	1	[{"added": {}}]	13	1
11	2025-02-05 13:49:29.306443+02	9	Пиво Пиво FDB Lager	1	[{"added": {}}]	13	1
12	2025-02-05 13:51:05.488687+02	10	Пиво Пиво Fanatic Lightner	1	[{"added": {}}]	13	1
13	2025-02-05 13:52:34.044718+02	11	Пиво Пиво Fanatic Braunwald	1	[{"added": {}}]	13	1
14	2025-02-05 13:55:17.010991+02	12	Пиво Пиво Fanatic «Берлингер»	1	[{"added": {}}]	13	1
15	2025-02-05 14:00:38.071941+02	13	Пиво Пиво Fanatic Allesgut	1	[{"added": {}}]	13	1
16	2025-02-05 14:02:14.172515+02	14	Пиво Пиво «Микулин 900»	1	[{"added": {}}]	13	1
17	2025-02-05 14:05:46.720231+02	15	Пиво Пиво Опілля Корифей	1	[{"added": {}}]	13	1
18	2025-02-05 14:09:07.18506+02	16	Пиво 1 Пиво Fanatic «Бланшер»	1	[{"added": {}}]	13	1
19	2025-02-05 14:11:27.790992+02	17	Пиво Пиво Умань Waissburg	1	[{"added": {}}]	13	1
20	2025-02-05 14:12:28.102336+02	17	Пиво Умань Waissburg	2	[{"changed": {"fields": ["\\u041d\\u0430\\u0437\\u0432\\u0430\\u043d\\u0438\\u0435"]}}]	13	1
21	2025-02-05 14:12:40.179354+02	16	Пиво Пиво Fanatic «Бланшер»	2	[{"changed": {"fields": ["\\u041d\\u0430\\u0437\\u0432\\u0430\\u043d\\u0438\\u0435"]}}]	13	1
22	2025-02-05 14:13:04.558593+02	17	Пиво Пиво Умань Waissburg	2	[{"changed": {"fields": ["\\u041d\\u0430\\u0437\\u0432\\u0430\\u043d\\u0438\\u0435"]}}]	13	1
23	2025-02-05 14:14:47.836947+02	18	Пиво Пиво FDB Honey Lager	1	[{"added": {}}]	13	1
24	2025-02-05 14:16:21.972825+02	19	Пиво Пиво FDB Ukrainian Pilsner	1	[{"added": {}}]	13	1
25	2025-02-05 14:21:24.950125+02	20	Пиво Пиво HoeGaarden Blanche	1	[{"added": {}}]	13	1
26	2025-02-05 14:57:49.824451+02	2	Коньяк	1	[{"added": {}}]	11	1
27	2025-02-05 15:01:01.164059+02	1	Коньяк Коньяк Украины Aznauri 3 звезды, 40%, 0,5л	1	[{"added": {}}]	14	1
28	2025-02-05 15:02:57.117367+02	2	Коньяк Коньяк Hennessy VS, в коробке, 40%, 0,7 л	1	[{"added": {}}]	14	1
29	2025-02-05 15:07:45.018968+02	3	Водка	1	[{"added": {}}]	11	1
30	2025-02-05 15:08:02.63127+02	1	Водка Водка "Koskenkorva", 0.5 л	1	[{"added": {}}]	18	1
31	2025-02-05 15:21:09.080666+02	2	Водка Водка "Koskenkorva", 1 л	1	[{"added": {}}]	18	1
32	2025-02-05 15:22:13.096116+02	3	Водка Водка "Belvedere", 0.5 л	1	[{"added": {}}]	18	1
33	2025-02-05 15:24:03.349475+02	4	Водка Водка "Koskenkorva", 0.7 л	1	[{"added": {}}]	18	1
34	2025-02-05 15:25:37.300304+02	5	Водка Водка Belvedere Vodka 0.5 л 40%	1	[{"added": {}}]	18	1
35	2025-02-05 15:26:43.916515+02	6	Водка Водка "Belvedere", 0.7 л	1	[{"added": {}}]	18	1
36	2025-02-05 16:56:24.555519+02	7	Водка Водка Koskenkorva 0.5 л 40%	1	[{"added": {}}]	18	1
37	2025-02-05 16:57:27.065781+02	8	Водка Водка Koskenkorva 0.7 л 40%	1	[{"added": {}}]	18	1
38	2025-02-05 16:58:39.665561+02	9	Водка Водка Koskenkorva 1 л 40%	1	[{"added": {}}]	18	1
39	2025-02-05 16:59:41.646096+02	10	Водка Водка "Koskenkorva" Minttu, 0.5 л	1	[{"added": {}}]	18	1
40	2025-02-05 17:01:53.255536+02	11	Водка Водка Stolichnaya Elit 0.7 л 40%	1	[{"added": {}}]	18	1
41	2025-02-05 17:03:12.76224+02	12	Водка Водка Glen's Vodka 1 л	1	[{"added": {}}]	18	1
42	2025-02-05 17:03:50.882691+02	13	Водка Водка Glen's Vodka 0,7 л	1	[{"added": {}}]	18	1
43	2025-02-05 17:06:29.17428+02	14	Водка Водка Polugar Single Malt Rye , gift box 0,7 л	1	[{"added": {}}]	18	1
44	2025-02-05 17:21:22.008881+02	4	Вино	1	[{"added": {}}]	11	1
45	2025-02-05 17:23:13.772611+02	1	Вино Вино Мишель Сервин, Руж / Michel Servin, Rouge, красное сухое 0.75л	1	[{"added": {}}]	17	1
46	2025-02-05 17:24:34.716392+02	2	Вино Вино Мишель Сервин, Блан / Michel Servin, Blanc, белое сухое 0.75л	1	[{"added": {}}]	17	1
47	2025-02-05 17:26:08.132173+02	3	Вино Вино Ле Гарриг, Мерло / Les Garrigues, Merlot, красное сухое 0.75л	1	[{"added": {}}]	17	1
48	2025-02-05 17:27:19.319577+02	4	Вино Вино Ле Гарриг, Совиньон / Les Garrigues, Sauvignon, белое сухое 0.75л	1	[{"added": {}}]	17	1
49	2025-02-05 17:28:21.507945+02	5	Вино Вино Ле Гарриг, Шардоне / Les Garrigues, Chardonnay, белое сухое 0.75л	1	[{"added": {}}]	17	1
50	2025-02-05 17:29:34.965158+02	6	Вино Вино Ле Гарриг, Сенсо Розе / Les Garrigues, Cinsault Rose, розовое сухое 0.75л	1	[{"added": {}}]	17	1
51	2025-02-05 17:30:40.002858+02	7	Вино Вино "Ла Линда", Свит Вионье / "La Linda", Sweet Viognier, Luigi Bosca, белое полусладкое 0.75л	1	[{"added": {}}]	17	1
52	2025-02-05 17:31:50.793448+02	8	Вино Вино Кари Салути, Примитиво Пулья / Cari Saluti, Primitivo Puglia, красное сухое 0.75л	1	[{"added": {}}]	17	1
53	2025-02-05 17:32:54.526706+02	9	Вино Вино Колпассо, Неро д'Авола Аппасименто / Colpasso, Nero d'Avola Appassimento, The Wine People, красное сухое 0.75л	1	[{"added": {}}]	17	1
54	2025-02-05 17:34:02.041005+02	10	Вино Вино Кари Салути, Россо д'Италия / Cari Saluti, Rosso d'Italia, красное сухое 0.75л	1	[{"added": {}}]	17	1
55	2025-02-05 17:35:05.563828+02	11	Вино Вино Кари Салути, Монтепульчано д'Абруццо / Cari Saluti, Montepulciano d'Abruzzo, красное сухое 0.75л	1	[{"added": {}}]	17	1
56	2025-02-05 17:38:00.663905+02	12	Вино Вино Фраппато, Терре Сицилиане / Frappato, Terre Siciliane, Cortese Nostru, красное сухое 0.75л	1	[{"added": {}}]	17	1
57	2025-02-05 17:44:55.743025+02	13	Вино Вино Колпассо, Грилло Аппасименто / Colpasso, Grillo Appassimento, The Wine People, белое сухое 0.75л	1	[{"added": {}}]	17	1
58	2025-02-05 17:46:10.804162+02	14	Вино Вино Винья Реал, Крианса / Vina Real, Crianza, CVNE, красное сухое 0.75л	1	[{"added": {}}]	17	1
59	2025-02-05 17:47:12.63779+02	15	Вино Вино Розе, Олд Коуч Роуд / Rose, Old Coach Road, розовое сухое 0.75л	1	[{"added": {}}]	17	1
60	2025-02-05 17:48:51.705483+02	16	Вино Вино Винья Реал, Резерва / Vina Real, Reserva, CVNE, красное сухое 0.75л	1	[{"added": {}}]	17	1
61	2025-02-05 17:50:10.631773+02	17	Вино Вино Винья Реал, Ферментадо эн Баррика / Vina Real, Fermentado en Barrica, CVNE, белое сухое 0.75л	1	[{"added": {}}]	17	1
62	2025-02-05 17:51:16.350187+02	18	Вино Вино Монополь, Бланко Секо / Monopole, Blanco Seco, CVNE, белое сухое 0.75л	1	[{"added": {}}]	17	1
63	2025-02-05 17:52:08.704513+02	19	Вино Вино Апассионанте, Бьянко Венето / Appassionante, Bianco Veneto, Cielo e Terra, белое сухое 0.75л	1	[{"added": {}}]	17	1
64	2025-02-05 17:53:13.365442+02	20	Вино Вино Амареджи, Амароне делла Вальполичелла / Amaregi, Amarone della Valpolicella, Cielo e Terra, красное сухое 0.75л	1	[{"added": {}}]	17	1
65	2025-02-05 17:54:12.273001+02	21	Вино Вино Винья Реал, Ла Вирджен АКА Пагос / Vina Real, La Virgen AKA Pagos, CVNE, красное сухое 0.75л	1	[{"added": {}}]	17	1
66	2025-02-05 17:55:10.897322+02	22	Вино Вино Кари Салути, Мерло / Cari Saluti, Merlot, красное сухое 0.75л	1	[{"added": {}}]	17	1
67	2025-02-05 17:56:24.364157+02	23	Вино Вино Винья Реал, Гран Резерва Эспешл / Vina Real, Gran Reserva Especial, CVNE, красное сухое 0.75л	1	[{"added": {}}]	17	1
68	2025-02-05 17:57:27.454765+02	24	Вино Вино Кари Салути, Росато д'Италия / Cari Saluti, Rosato d'Italia, розовое сухое 0.75л	1	[{"added": {}}]	17	1
69	2025-02-05 20:10:27.292731+02	25	Вино Вино Кари Салути, Пино Гриджио / Cari Saluti, Pinot Grigio, белое сухое 0.75л	1	[{"added": {}}]	17	1
70	2025-02-05 20:11:42.377909+02	26	Вино Вино Кари Салути, Бьянко д'Италия / Cari Saluti, Bianco d'Italia, белое сухое 0.75л	1	[{"added": {}}]	17	1
71	2025-02-05 20:12:46.499838+02	27	Вино Вино "Мариус Мишо" Божоле Нуво / "Marius Michaud" Beaujolais Nouveau, 2024, красное сухое 0.75л	1	[{"added": {}}]	17	1
72	2025-02-06 17:17:44.380843+02	2	Коньяк Hennessy VS, в коробке, 40%, 0,7 л	3		14	1
73	2025-02-06 17:17:44.380843+02	1	Коньяк Украины Aznauri 3 звезды, 40%, 0,5л	3		14	1
74	2025-02-06 17:20:36.877386+02	3	Коньяк Gudauri ординарный 3 звезды 40% 500 мл	1	[{"added": {}}]	14	1
75	2025-02-06 17:22:22.587181+02	4	Коньяк Shustoff Одесса 3 звезды 40% 500 мл	1	[{"added": {}}]	14	1
76	2025-02-06 17:24:14.076501+02	5	Коньяк Shustoff Десна 3 звезды 40% 500 мл	1	[{"added": {}}]	14	1
77	2025-02-06 17:25:27.066459+02	6	Напиток алкогольный Shustoff Chocolatier Chocolade & Cherry 30% 500мл	1	[{"added": {}}]	14	1
78	2025-02-06 17:27:29.746433+02	7	Коньяк Georgian Legend 3 звезды 40% 0,5 л	1	[{"added": {}}]	14	1
79	2025-02-06 17:28:48.806184+02	8	Коньяк Adjari 3 звезды 40% 250 мл	1	[{"added": {}}]	14	1
80	2025-02-06 17:29:59.731296+02	9	Коньяк Adjari 5 звезд 40% 0.5 л	1	[{"added": {}}]	14	1
81	2025-02-06 17:31:15.375498+02	10	Коньяк Shustoff Десна 3 звезды 40% 250 мл	1	[{"added": {}}]	14	1
82	2025-02-06 17:32:38.721875+02	11	Коньяк Gudauri ординарный 3 звезды 40% 250 мл	1	[{"added": {}}]	14	1
83	2025-02-06 17:34:02.179951+02	12	Коньяк Aznauri 3 звезды 40% 500 мл	1	[{"added": {}}]	14	1
84	2025-02-06 17:35:31.244455+02	13	Коньяк Aznauri 5 звезд 40% 500 мл	1	[{"added": {}}]	14	1
85	2025-02-06 17:36:43.184539+02	14	Коньяк Shustoff ординарный 3 звезды 40% 100 мл	1	[{"added": {}}]	14	1
86	2025-02-06 17:37:59.534549+02	15	Коньяк Довбуш 3 звезды 40% 500 мл	1	[{"added": {}}]	14	1
87	2025-02-06 17:39:18.965098+02	16	Коньяк Shabo VS 40% 250 мл	1	[{"added": {}}]	14	1
88	2025-02-06 17:40:38.153954+02	17	Коньяк Erisioni ординарный 3 звезды 40% 500 мл	1	[{"added": {}}]	14	1
89	2025-02-06 17:42:27.909434+02	18	Коньячно-шоколадный алкогольный напиток Shustoff Chocolatier 30% 0.1 л	1	[{"added": {}}]	14	1
90	2025-02-06 17:43:27.633363+02	19	Коньяк Shabo VS 3 звезды 40% 500 мл	1	[{"added": {}}]	14	1
91	2025-02-06 17:44:29.293394+02	20	Напиток алкогольный Shustoff Chocolatier Coffee 30% 0,25 л	1	[{"added": {}}]	14	1
92	2025-02-06 17:46:00.302427+02	21	Коньяк Aznauri 3 звезды 40% 250 мл	1	[{"added": {}}]	14	1
93	2025-02-06 17:48:32.472658+02	22	Коньяк Shabo VS 40% 375 мл	1	[{"added": {}}]	14	1
94	2025-02-06 17:49:46.519971+02	23	Коньяк Gudauri ординарный 5 звезд 40% 500 мл	1	[{"added": {}}]	14	1
95	2025-02-06 17:50:52.831998+02	24	Коньяк Adjari 3 звезды 40% 500 мл	1	[{"added": {}}]	14	1
96	2025-02-06 17:52:17.492084+02	25	Коньяк Shustoff Десна 4 звезды 40% 500 мл	1	[{"added": {}}]	14	1
97	2025-02-06 17:54:25.431681+02	26	Коньяк Shustoff 3 звезды 40% 250 мл	1	[{"added": {}}]	14	1
98	2025-02-25 13:26:42.211852+02	27	Вино "Мариус Мишо" Божоле Нуво / "Marius Michaud" Beaujolais Nouveau, 2024, красное сухое 0.75л	2	[]	17	1
99	2025-02-25 13:27:03.249012+02	26	Вино Кари Салути, Бьянко д'Италия / Cari Saluti, Bianco d'Italia, белое сухое 0.75л	2	[]	17	1
100	2025-02-25 13:27:08.575164+02	25	Вино Кари Салути, Пино Гриджио / Cari Saluti, Pinot Grigio, белое сухое 0.75л	2	[]	17	1
101	2025-02-25 13:27:26.014706+02	24	Вино Кари Салути, Росато д'Италия / Cari Saluti, Rosato d'Italia, розовое сухое 0.75л	2	[]	17	1
102	2025-02-25 13:27:33.399956+02	23	Вино Винья Реал, Гран Резерва Эспешл / Vina Real, Gran Reserva Especial, CVNE, красное сухое 0.75л	2	[]	17	1
103	2025-02-25 13:27:37.061458+02	1	Вино Мишель Сервин, Руж / Michel Servin, Rouge, красное сухое 0.75л	2	[]	17	1
104	2025-02-25 13:27:40.113679+02	2	Вино Мишель Сервин, Блан / Michel Servin, Blanc, белое сухое 0.75л	2	[]	17	1
105	2025-02-25 13:27:43.167148+02	3	Вино Ле Гарриг, Мерло / Les Garrigues, Merlot, красное сухое 0.75л	2	[]	17	1
106	2025-02-25 13:27:46.63172+02	4	Вино Ле Гарриг, Совиньон / Les Garrigues, Sauvignon, белое сухое 0.75л	2	[]	17	1
107	2025-02-25 13:27:51.788486+02	3	Вино Ле Гарриг, Мерло / Les Garrigues, Merlot, красное сухое 0.75л	2	[]	17	1
108	2025-02-25 13:27:55.789299+02	5	Вино Ле Гарриг, Шардоне / Les Garrigues, Chardonnay, белое сухое 0.75л	2	[]	17	1
109	2025-02-25 13:28:00.889735+02	6	Вино Ле Гарриг, Сенсо Розе / Les Garrigues, Cinsault Rose, розовое сухое 0.75л	2	[]	17	1
110	2025-02-25 13:28:08.090527+02	7	Вино "Ла Линда", Свит Вионье / "La Linda", Sweet Viognier, Luigi Bosca, белое полусладкое 0.75л	2	[]	17	1
111	2025-02-25 13:28:14.476957+02	8	Вино Кари Салути, Примитиво Пулья / Cari Saluti, Primitivo Puglia, красное сухое 0.75л	2	[]	17	1
112	2025-02-25 13:35:36.918465+02	9	Вино Колпассо, Неро д'Авола Аппасименто / Colpasso, Nero d'Avola Appassimento, The Wine People, красное сухое 0.75л	2	[]	17	1
113	2025-02-25 13:35:54.583401+02	10	Вино Кари Салути, Россо д'Италия / Cari Saluti, Rosso d'Italia, красное сухое 0.75л	2	[]	17	1
114	2025-02-25 13:36:03.868219+02	12	Вино Фраппато, Терре Сицилиане / Frappato, Terre Siciliane, Cortese Nostru, красное сухое 0.75л	2	[]	17	1
115	2025-02-25 13:36:09.461194+02	13	Вино Колпассо, Грилло Аппасименто / Colpasso, Grillo Appassimento, The Wine People, белое сухое 0.75л	2	[]	17	1
116	2025-02-25 13:36:18.273828+02	14	Вино Винья Реал, Крианса / Vina Real, Crianza, CVNE, красное сухое 0.75л	2	[]	17	1
117	2025-02-25 13:36:25.87376+02	18	Вино Монополь, Бланко Секо / Monopole, Blanco Seco, CVNE, белое сухое 0.75л	2	[]	17	1
118	2025-02-25 13:36:32.817099+02	19	Вино Апассионанте, Бьянко Венето / Appassionante, Bianco Veneto, Cielo e Terra, белое сухое 0.75л	2	[]	17	1
119	2025-02-25 13:36:41.012148+02	20	Вино Амареджи, Амароне делла Вальполичелла / Amaregi, Amarone della Valpolicella, Cielo e Terra, красное сухое 0.75л	2	[]	17	1
120	2025-02-25 13:36:48.836964+02	21	Вино Винья Реал, Ла Вирджен АКА Пагос / Vina Real, La Virgen AKA Pagos, CVNE, красное сухое 0.75л	2	[]	17	1
121	2025-02-25 13:36:54.4231+02	22	Вино Кари Салути, Мерло / Cari Saluti, Merlot, красное сухое 0.75л	2	[]	17	1
122	2025-02-25 13:37:05.19819+02	25	Вино Кари Салути, Пино Гриджио / Cari Saluti, Pinot Grigio, белое сухое 0.75л	2	[]	17	1
123	2025-02-25 13:48:51.375294+02	14	Водка Polugar Single Malt Rye , gift box 0,7 л	2	[]	18	1
124	2025-02-25 13:48:55.096502+02	13	Водка Glen's Vodka 0,7 л	2	[]	18	1
125	2025-02-25 13:48:59.545246+02	12	Водка Glen's Vodka 1 л	2	[]	18	1
126	2025-02-25 13:49:06.306586+02	11	Водка Stolichnaya Elit 0.7 л 40%	2	[]	18	1
127	2025-02-25 13:50:03.385192+02	10	Водка "Koskenkorva" Minttu, 0.5 л	2	[]	18	1
128	2025-02-25 13:50:11.654822+02	9	Водка Koskenkorva 1 л 40%	2	[]	18	1
129	2025-02-25 13:50:23.67311+02	8	Водка Koskenkorva 0.7 л 40%	2	[]	18	1
130	2025-02-25 13:50:29.477444+02	7	Водка Koskenkorva 0.5 л 40%	2	[]	18	1
131	2025-02-25 13:50:34.057717+02	6	Водка "Belvedere", 0.7 л	2	[]	18	1
132	2025-02-25 13:50:40.064661+02	5	Водка Belvedere Vodka 0.5 л 40%	2	[]	18	1
133	2025-02-25 13:50:45.291959+02	4	Водка "Koskenkorva", 0.7 л	2	[]	18	1
134	2025-02-25 13:50:53.468529+02	3	Водка "Belvedere", 0.5 л	2	[]	18	1
135	2025-02-25 13:50:58.176164+02	2	Водка "Koskenkorva", 1 л	2	[]	18	1
136	2025-02-25 13:51:02.242061+02	1	Водка "Koskenkorva", 0.5 л	2	[]	18	1
137	2025-02-25 13:52:25.795726+02	26	Коньяк Shustoff 3 звезды 40% 250 мл	2	[]	14	1
138	2025-02-25 13:52:49.96496+02	25	Коньяк Shustoff Десна 4 звезды 40% 500 мл	2	[]	14	1
139	2025-02-25 13:52:54.193393+02	24	Коньяк Adjari 3 звезды 40% 500 мл	2	[]	14	1
140	2025-02-25 13:52:57.586874+02	23	Коньяк Gudauri ординарный 5 звезд 40% 500 мл	2	[]	14	1
141	2025-02-25 13:53:03.833181+02	22	Коньяк Shabo VS 40% 375 мл	2	[]	14	1
142	2025-02-25 13:53:07.834949+02	21	Коньяк Aznauri 3 звезды 40% 250 мл	2	[]	14	1
143	2025-02-25 13:53:11.969058+02	20	Напиток алкогольный Shustoff Chocolatier Coffee 30% 0,25 л	2	[]	14	1
144	2025-02-25 13:53:17.852482+02	19	Коньяк Shabo VS 3 звезды 40% 500 мл	2	[]	14	1
145	2025-02-25 13:53:24.938134+02	18	Коньячно-шоколадный алкогольный напиток Shustoff Chocolatier 30% 0.1 л	2	[]	14	1
146	2025-02-25 13:53:31.400092+02	17	Коньяк Erisioni ординарный 3 звезды 40% 500 мл	2	[]	14	1
147	2025-02-25 13:53:36.21015+02	3	Коньяк Gudauri ординарный 3 звезды 40% 500 мл	2	[]	14	1
148	2025-02-25 13:53:39.667114+02	4	Коньяк Shustoff Одесса 3 звезды 40% 500 мл	2	[]	14	1
149	2025-02-25 13:53:42.605895+02	5	Коньяк Shustoff Десна 3 звезды 40% 500 мл	2	[]	14	1
150	2025-02-25 13:53:45.594162+02	6	Напиток алкогольный Shustoff Chocolatier Chocolade & Cherry 30% 500мл	2	[]	14	1
151	2025-02-25 13:53:48.553661+02	7	Коньяк Georgian Legend 3 звезды 40% 0,5 л	2	[]	14	1
152	2025-02-25 13:53:54.505283+02	8	Коньяк Adjari 3 звезды 40% 250 мл	2	[]	14	1
153	2025-02-25 13:53:58.875029+02	9	Коньяк Adjari 5 звезд 40% 0.5 л	2	[]	14	1
154	2025-02-25 13:54:05.675095+02	10	Коньяк Shustoff Десна 3 звезды 40% 250 мл	2	[]	14	1
155	2025-02-25 13:54:10.664905+02	11	Коньяк Gudauri ординарный 3 звезды 40% 250 мл	2	[]	14	1
156	2025-02-25 13:54:14.996942+02	12	Коньяк Aznauri 3 звезды 40% 500 мл	2	[]	14	1
157	2025-02-25 13:54:21.432151+02	13	Коньяк Aznauri 5 звезд 40% 500 мл	2	[]	14	1
158	2025-02-25 13:54:26.47205+02	14	Коньяк Shustoff ординарный 3 звезды 40% 100 мл	2	[]	14	1
159	2025-02-25 13:54:33.453252+02	16	Коньяк Shabo VS 40% 250 мл	2	[]	14	1
160	2025-02-25 13:54:42.700302+02	17	Коньяк Erisioni ординарный 3 звезды 40% 500 мл	2	[]	14	1
161	2025-02-25 14:00:16.27947+02	20	Пиво HoeGaarden Blanche	2	[]	13	1
162	2025-02-25 14:00:20.359704+02	20	Пиво HoeGaarden Blanche	2	[]	13	1
163	2025-02-25 14:00:24.074774+02	19	Пиво FDB Ukrainian Pilsner	2	[]	13	1
164	2025-02-25 14:00:27.575686+02	18	Пиво FDB Honey Lager	2	[]	13	1
165	2025-02-25 14:00:32.147248+02	17	Пиво Умань Waissburg	2	[]	13	1
166	2025-02-25 14:00:36.446206+02	16	Пиво Fanatic «Бланшер»	2	[]	13	1
167	2025-02-25 14:00:42.57959+02	15	Пиво Опілля Корифей	2	[]	13	1
168	2025-02-25 14:00:48.762369+02	14	Пиво «Микулин 900»	2	[]	13	1
169	2025-02-25 14:00:55.306591+02	13	Пиво Fanatic Allesgut	2	[]	13	1
170	2025-02-25 14:01:02.898638+02	12	Пиво Fanatic «Берлингер»	2	[]	13	1
171	2025-02-25 14:01:06.487062+02	11	Пиво Fanatic Braunwald	2	[]	13	1
172	2025-02-25 14:01:10.946336+02	10	Пиво Fanatic Lightner	2	[]	13	1
173	2025-02-25 14:01:15.703215+02	9	Пиво FDB Lager	2	[]	13	1
174	2025-02-25 14:01:19.989149+02	8	Пиво «Трембита»	2	[]	13	1
175	2025-02-25 14:01:24.625674+02	7	Пиво Fanatic Cryo APA	2	[]	13	1
176	2025-02-25 14:01:28.846947+02	6	Пиво Fanatic Wheat Apricot	2	[]	13	1
177	2025-02-25 14:01:33.642584+02	5	Пиво Fanatic Porter	2	[]	13	1
178	2025-02-25 14:01:39.258765+02	4	Пиво Stella Artois	2	[]	13	1
179	2025-02-25 14:01:45.259684+02	3	Пиво Fanatic БОТЕ премиум лагер	2	[]	13	1
180	2025-02-25 14:01:49.565735+02	2	Крафтовое пиво IPA VIBES Fanatic West Coast IPA	2	[]	13	1
181	2025-02-25 14:01:54.837331+02	1	Крафтовое пиво FDB Кофейный Портер	2	[]	13	1
182	2025-02-26 09:35:55.956959+02	2	buhar22848	1	[{"added": {}}]	6	1
183	2025-02-26 09:48:00.977063+02	1	admin	2	[{"changed": {"fields": ["\\u041d\\u0438\\u043a \\u043f\\u043e\\u043b\\u044c\\u0437\\u043e\\u0432\\u0430\\u0442\\u0435\\u043b\\u044f", "\\u0413\\u043e\\u0440\\u043e\\u0434"]}}]	6	1
184	2025-02-26 09:50:22.091978+02	2	buhar22848	3		6	1
185	2025-02-26 09:50:31.53707+02	14	milashka445	1	[{"added": {}}]	6	1
186	2025-02-26 10:11:56.488526+02	17	buhar22848	1	[{"added": {}}]	6	1
187	2025-02-26 10:16:33.193387+02	14	milashka445	2	[{"changed": {"fields": ["Password"]}}]	6	1
188	2025-02-26 10:17:50.127795+02	17	buhar22848	3		6	1
189	2025-02-26 10:17:50.128788+02	14	milashka445	3		6	1
190	2025-02-26 10:18:02.146076+02	18	buhar22848	1	[{"added": {}}]	6	1
191	2025-02-26 10:28:03.300513+02	18	buhar22848	3		6	1
192	2025-02-26 10:30:10.71023+02	20	milashka445	1	[{"added": {}}]	6	1
193	2025-02-26 10:30:48.759082+02	19	buhar22848	2	[{"changed": {"fields": ["\\u0413\\u043e\\u0440\\u043e\\u0434", "Staff status", "Superuser status"]}}]	6	1
194	2025-02-26 10:31:27.396111+02	20	milashka445	3		6	1
195	2025-02-26 13:41:47.789134+02	19	buhar22848	2	[{"changed": {"fields": ["\\u0410\\u0432\\u0430\\u0442\\u0430\\u0440\\u043a\\u0430 \\u043f\\u043e\\u043b\\u044c\\u0437\\u043e\\u0432\\u0430\\u0442\\u0435\\u043b\\u044f"]}}]	6	1
196	2025-02-26 13:42:37.792422+02	19	buhar22848	2	[{"changed": {"fields": ["\\u0410\\u0432\\u0430\\u0442\\u0430\\u0440\\u043a\\u0430 \\u043f\\u043e\\u043b\\u044c\\u0437\\u043e\\u0432\\u0430\\u0442\\u0435\\u043b\\u044f"]}}]	6	1
197	2025-02-26 13:43:19.865077+02	19	buhar22848	2	[{"changed": {"fields": ["\\u0410\\u0432\\u0430\\u0442\\u0430\\u0440\\u043a\\u0430 \\u043f\\u043e\\u043b\\u044c\\u0437\\u043e\\u0432\\u0430\\u0442\\u0435\\u043b\\u044f"]}}]	6	1
198	2025-02-26 14:01:40.540401+02	33	anzhelka322	2	[{"changed": {"fields": ["\\u0410\\u0432\\u0430\\u0442\\u0430\\u0440\\u043a\\u0430 \\u043f\\u043e\\u043b\\u044c\\u0437\\u043e\\u0432\\u0430\\u0442\\u0435\\u043b\\u044f"]}}]	6	1
199	2025-02-26 14:01:53.69172+02	32	dashka555	2	[{"changed": {"fields": ["\\u0410\\u0432\\u0430\\u0442\\u0430\\u0440\\u043a\\u0430 \\u043f\\u043e\\u043b\\u044c\\u0437\\u043e\\u0432\\u0430\\u0442\\u0435\\u043b\\u044f"]}}]	6	1
200	2025-02-26 14:02:08.921103+02	31	boom243	2	[{"changed": {"fields": ["\\u0410\\u0432\\u0430\\u0442\\u0430\\u0440\\u043a\\u0430 \\u043f\\u043e\\u043b\\u044c\\u0437\\u043e\\u0432\\u0430\\u0442\\u0435\\u043b\\u044f"]}}]	6	1
201	2025-02-26 14:02:22.008032+02	30	tiger908	2	[{"changed": {"fields": ["\\u0410\\u0432\\u0430\\u0442\\u0430\\u0440\\u043a\\u0430 \\u043f\\u043e\\u043b\\u044c\\u0437\\u043e\\u0432\\u0430\\u0442\\u0435\\u043b\\u044f"]}}]	6	1
202	2025-02-26 14:02:36.948655+02	29	kitty546	2	[{"changed": {"fields": ["\\u0410\\u0432\\u0430\\u0442\\u0430\\u0440\\u043a\\u0430 \\u043f\\u043e\\u043b\\u044c\\u0437\\u043e\\u0432\\u0430\\u0442\\u0435\\u043b\\u044f"]}}]	6	1
203	2025-02-26 14:02:45.689841+02	28	baby378	2	[{"changed": {"fields": ["\\u0410\\u0432\\u0430\\u0442\\u0430\\u0440\\u043a\\u0430 \\u043f\\u043e\\u043b\\u044c\\u0437\\u043e\\u0432\\u0430\\u0442\\u0435\\u043b\\u044f"]}}]	6	1
204	2025-02-26 14:02:59.294005+02	27	flash228	2	[{"changed": {"fields": ["\\u0410\\u0432\\u0430\\u0442\\u0430\\u0440\\u043a\\u0430 \\u043f\\u043e\\u043b\\u044c\\u0437\\u043e\\u0432\\u0430\\u0442\\u0435\\u043b\\u044f"]}}]	6	1
205	2025-02-26 14:03:09.893974+02	26	amir555	2	[{"changed": {"fields": ["\\u0410\\u0432\\u0430\\u0442\\u0430\\u0440\\u043a\\u0430 \\u043f\\u043e\\u043b\\u044c\\u0437\\u043e\\u0432\\u0430\\u0442\\u0435\\u043b\\u044f"]}}]	6	1
206	2025-02-26 14:03:18.823819+02	25	nikitos_papiros	2	[{"changed": {"fields": ["\\u0410\\u0432\\u0430\\u0442\\u0430\\u0440\\u043a\\u0430 \\u043f\\u043e\\u043b\\u044c\\u0437\\u043e\\u0432\\u0430\\u0442\\u0435\\u043b\\u044f"]}}]	6	1
207	2025-02-26 14:03:30.25925+02	24	olezha224	2	[{"changed": {"fields": ["\\u0410\\u0432\\u0430\\u0442\\u0430\\u0440\\u043a\\u0430 \\u043f\\u043e\\u043b\\u044c\\u0437\\u043e\\u0432\\u0430\\u0442\\u0435\\u043b\\u044f"]}}]	6	1
208	2025-02-26 14:03:40.340688+02	23	aliska567	2	[{"changed": {"fields": ["\\u0410\\u0432\\u0430\\u0442\\u0430\\u0440\\u043a\\u0430 \\u043f\\u043e\\u043b\\u044c\\u0437\\u043e\\u0432\\u0430\\u0442\\u0435\\u043b\\u044f"]}}]	6	1
209	2025-02-26 14:03:52.453246+02	22	pashka334	2	[{"changed": {"fields": ["\\u0410\\u0432\\u0430\\u0442\\u0430\\u0440\\u043a\\u0430 \\u043f\\u043e\\u043b\\u044c\\u0437\\u043e\\u0432\\u0430\\u0442\\u0435\\u043b\\u044f"]}}]	6	1
210	2025-02-26 14:04:01.413772+02	21	milashka445	2	[{"changed": {"fields": ["\\u0410\\u0432\\u0430\\u0442\\u0430\\u0440\\u043a\\u0430 \\u043f\\u043e\\u043b\\u044c\\u0437\\u043e\\u0432\\u0430\\u0442\\u0435\\u043b\\u044f"]}}]	6	1
211	2025-02-26 14:04:11.173587+02	19	buhar22848	2	[{"changed": {"fields": ["\\u0410\\u0432\\u0430\\u0442\\u0430\\u0440\\u043a\\u0430 \\u043f\\u043e\\u043b\\u044c\\u0437\\u043e\\u0432\\u0430\\u0442\\u0435\\u043b\\u044f"]}}]	6	1
212	2025-02-26 14:04:25.996911+02	1	admin	2	[{"changed": {"fields": ["\\u0410\\u0432\\u0430\\u0442\\u0430\\u0440\\u043a\\u0430 \\u043f\\u043e\\u043b\\u044c\\u0437\\u043e\\u0432\\u0430\\u0442\\u0435\\u043b\\u044f"]}}]	6	1
213	2025-02-28 17:19:16.415628+02	21	milashka445	2	[{"changed": {"fields": ["Age", "\\u0413\\u043e\\u0440\\u043e\\u0434", "\\u041f\\u0440\\u043e\\u0444\\u0435\\u0441\\u0441\\u0438\\u044f", "\\u0425\\u043e\\u0431\\u0431\\u0438", "\\u041f\\u043e\\u0431\\u043e\\u043b\\u044c\\u0448\\u0435 \\u043e \\u0441\\u0435\\u0431\\u0435", "Friends", "Following"]}}]	6	1
214	2025-02-28 17:19:29.960534+02	21	milashka445	2	[{"changed": {"fields": ["Following"]}}]	6	1
215	2025-02-28 17:38:39.803861+02	29	kitty546	2	[{"changed": {"fields": ["Following"]}}]	6	1
216	2025-02-28 17:38:59.59364+02	28	baby378	2	[{"changed": {"fields": ["Following"]}}]	6	1
217	2025-02-28 17:58:02.566549+02	2	milashka445 at 2025-02-28 15:58:02.563549+00:00	1	[{"added": {}}]	7	1
218	2025-03-03 11:27:40.244736+02	1	Группа: Любители винишка	1	[{"added": {}}]	9	1
219	2025-03-03 11:31:34.288871+02	1	None: Всем привет, добро пожаловать 	1	[{"added": {}}]	10	1
220	2025-03-03 11:37:37.750254+02	2	None: Привет	1	[{"added": {}}]	10	1
221	2025-03-03 11:37:45.850722+02	3	None: Привет	1	[{"added": {}}]	10	1
222	2025-03-03 11:37:54.273435+02	4	None: Привет	1	[{"added": {}}]	10	1
223	2025-03-03 11:38:03.751831+02	5	None: Привет	1	[{"added": {}}]	10	1
224	2025-03-03 11:56:00.732854+02	6	None: Для начала хотела бы узнать, в	1	[{"added": {}}]	10	1
225	2025-03-03 11:58:16.739632+02	7	None: Я сухое	1	[{"added": {}}]	10	1
226	2025-03-03 11:58:35.049028+02	8	None: Я полусладкое	1	[{"added": {}}]	10	1
227	2025-03-03 11:58:52.220168+02	9	None: Сладкое	1	[{"added": {}}]	10	1
228	2025-03-03 11:59:07.338029+02	10	None: Полусладкое	1	[{"added": {}}]	10	1
229	2025-03-03 17:20:10.462407+02	5	Чат между неизвестными пользователями	1	[{"added": {}}]	9	1
230	2025-03-03 17:20:18.562637+02	5	Чат между неизвестными пользователями	2	[{"changed": {"fields": ["\\u041d\\u0430\\u0437\\u0432\\u0430\\u043d\\u0438\\u0435 \\u0447\\u0430\\u0442\\u0430"]}}]	9	1
231	2025-03-03 17:31:29.078679+02	6	Личный чат	1	[{"added": {}}]	9	1
232	2025-03-03 17:31:52.860484+02	7	Личный чат	1	[{"added": {}}]	9	1
233	2025-03-04 11:40:39.849344+02	7	Личный чат	3		9	1
234	2025-03-04 11:40:39.849344+02	6	Личный чат	3		9	1
235	2025-03-04 11:40:39.858471+02	5	Личный чат	3		9	1
236	2025-03-04 11:42:42.769466+02	8	Личный чат	1	[{"added": {}}]	9	1
237	2025-03-04 11:53:28.02514+02	8	Неизвестный пользователь, Неизвестный пользователь	2	[]	9	1
238	2025-03-04 11:54:03.088929+02	8	Неизвестный пользователь, Неизвестный пользователь	2	[{"changed": {"fields": ["\\u041d\\u0430\\u0437\\u0432\\u0430\\u043d\\u0438\\u0435 \\u0447\\u0430\\u0442\\u0430"]}}]	9	1
239	2025-03-04 11:54:09.156282+02	8	Неизвестный пользователь, Неизвестный пользователь	2	[{"changed": {"fields": ["\\u041d\\u0430\\u0437\\u0432\\u0430\\u043d\\u0438\\u0435 \\u0447\\u0430\\u0442\\u0430"]}}]	9	1
240	2025-03-04 11:54:13.879665+02	8	выфвыф	2	[{"changed": {"fields": ["\\u041d\\u0430\\u0437\\u0432\\u0430\\u043d\\u0438\\u0435 \\u0447\\u0430\\u0442\\u0430", "\\u0413\\u0440\\u0443\\u043f\\u043f\\u043e\\u0432\\u043e\\u0439 \\u0447\\u0430\\u0442"]}}]	9	1
241	2025-03-04 11:54:23.993667+02	8	Неизвестный пользователь, Неизвестный пользователь	2	[{"changed": {"fields": ["\\u0413\\u0440\\u0443\\u043f\\u043f\\u043e\\u0432\\u043e\\u0439 \\u0447\\u0430\\u0442"]}}]	9	1
242	2025-03-04 11:56:16.845901+02	8	None и None	2	[]	9	1
243	2025-03-04 12:00:27.943145+02	8	None и None	2	[]	9	1
244	2025-03-04 12:07:07.658105+02	8	Неизвестный и Неизвестный	2	[]	9	1
245	2025-03-04 12:07:34.04803+02	8	Неизвестный и Неизвестный	2	[{"changed": {"fields": ["\\u0423\\u0447\\u0430\\u0441\\u0442\\u043d\\u0438\\u043a\\u0438"]}}]	9	1
246	2025-03-04 12:08:05.854856+02	8	Неизвестный и Неизвестный	2	[{"changed": {"fields": ["\\u0423\\u0447\\u0430\\u0441\\u0442\\u043d\\u0438\\u043a\\u0438"]}}]	9	1
247	2025-03-04 12:11:37.472794+02	8	Неизвестный и Неизвестный	2	[]	9	1
248	2025-03-04 12:15:07.882423+02	8	Личный чат	2	[{"changed": {"fields": ["\\u0423\\u0447\\u0430\\u0441\\u0442\\u043d\\u0438\\u043a\\u0438"]}}]	9	1
249	2025-03-04 12:15:15.094525+02	8	aliska567 и nikitos_papiros	2	[{"changed": {"fields": ["\\u0423\\u0447\\u0430\\u0441\\u0442\\u043d\\u0438\\u043a\\u0438"]}}]	9	1
250	2025-03-04 14:32:16.124728+02	9	Личный чат	3		9	1
251	2025-03-04 16:44:56.39227+02	11	Личный чат	3		9	1
252	2025-03-04 16:44:56.39227+02	10	Личный чат	3		9	1
253	2025-03-04 16:44:56.39227+02	8	aliska567 и nikitos_papiros	3		9	1
254	2025-03-04 16:50:29.153286+02	12	Личный чат	3		9	1
255	2025-03-04 16:55:27.783253+02	13	amir555 и milashka445	1	[{"added": {}}]	9	1
256	2025-03-04 16:55:39.503619+02	14	nikitos_papiros и milashka445	1	[{"added": {}}]	9	1
257	2025-03-04 16:55:47.693222+02	15	nikitos_papiros и amir555	1	[{"added": {}}]	9	1
258	2025-03-04 17:26:17.346272+02	11	None: Привет	1	[{"added": {}}]	10	1
259	2025-03-04 17:26:29.013675+02	12	None: Привет)	1	[{"added": {}}]	10	1
260	2025-03-04 17:26:29.069657+02	13	None: Привет)	1	[{"added": {}}]	10	1
261	2025-03-04 17:26:47.316126+02	14	None: Приветики)	1	[{"added": {}}]	10	1
262	2025-03-04 17:26:58.5421+02	15	None: Привет)	1	[{"added": {}}]	10	1
263	2025-03-04 17:28:38.283867+02	13	None: Привет)	3		10	1
264	2025-03-09 10:39:07.369195+02	1	Любители винишка	2	[{"changed": {"fields": ["\\u0424\\u043e\\u0442\\u043e \\u0447\\u0430\\u0442\\u0430"]}}]	9	1
265	2025-03-09 11:04:48.870336+02	13	amir555 и milashka445	2	[]	9	1
266	2025-03-09 11:11:57.050765+02	13	amir555 и milashka445	2	[]	9	1
267	2025-03-09 11:13:43.38061+02	14	nikitos_papiros и milashka445	2	[]	9	1
268	2025-03-09 11:21:09.963276+02	15	nikitos_papiros и amir555	2	[]	9	1
269	2025-03-09 14:03:39.206046+02	15	nikitos_papiros и amir555	2	[]	9	1
270	2025-03-09 14:03:46.810712+02	14	nikitos_papiros и milashka445	2	[]	9	1
271	2025-03-09 14:03:50.210072+02	13	amir555 и milashka445	2	[]	9	1
272	2025-03-09 14:09:33.535253+02	13	amir555 и milashka445	2	[{"changed": {"fields": ["\\u041d\\u0430\\u0437\\u0432\\u0430\\u043d\\u0438\\u0435 \\u0447\\u0430\\u0442\\u0430"]}}]	9	1
273	2025-03-09 14:22:19.128852+02	15	nikitos_papiros и amir555	2	[]	9	1
274	2025-03-09 14:22:25.243304+02	14	nikitos_papiros и milashka445	2	[]	9	1
275	2025-03-09 14:22:34.838762+02	13	amir555 и milashka445	2	[]	9	1
276	2025-03-12 19:15:28.819152+02	4	baby378 at 2025-03-12 17:15:28.802943+00:00	1	[{"added": {}}]	16	1
277	2025-03-12 19:16:12.586063+02	1	Крафтовое пиво FDB Кофейный Портер	2	[{"deleted": {"name": "\\u041e\\u0442\\u0437\\u044b\\u0432\\u044b", "object": "baby378 at 2025-03-12 17:15:28.802943+00:00"}}]	13	1
324	2025-06-08 14:48:24.307088+03	29	kitty546	2	[{"changed": {"fields": ["Following"]}}]	6	1
325	2025-06-09 18:53:46.156233+03	16	Любители вина	1	[{"added": {}}]	9	1
278	2025-03-12 19:20:37.931194+02	15	Пиво Опілля Корифей	2	[{"added": {"name": "\\u041e\\u0442\\u0437\\u044b\\u0432\\u044b", "object": "baby378 at 2025-03-12 17:20:37.923207+00:00"}}, {"added": {"name": "\\u041e\\u0442\\u0437\\u044b\\u0432\\u044b", "object": "amir555 at 2025-03-12 17:20:37.923207+00:00"}}, {"added": {"name": "\\u041e\\u0442\\u0437\\u044b\\u0432\\u044b", "object": "nikitos_papiros at 2025-03-12 17:20:37.923207+00:00"}}, {"added": {"name": "\\u041e\\u0442\\u0437\\u044b\\u0432\\u044b", "object": "olezha224 at 2025-03-12 17:20:37.931194+00:00"}}, {"added": {"name": "\\u041e\\u0442\\u0437\\u044b\\u0432\\u044b", "object": "aliska567 at 2025-03-12 17:20:37.931194+00:00"}}, {"added": {"name": "\\u041e\\u0442\\u0437\\u044b\\u0432\\u044b", "object": "pashka334 at 2025-03-12 17:20:37.931194+00:00"}}, {"added": {"name": "\\u041e\\u0442\\u0437\\u044b\\u0432\\u044b", "object": "anzhelka322 at 2025-03-12 17:20:37.931194+00:00"}}, {"added": {"name": "\\u041e\\u0442\\u0437\\u044b\\u0432\\u044b", "object": "dashka555 at 2025-03-12 17:20:37.931194+00:00"}}]	13	1
279	2025-03-12 19:24:44.054705+02	2	baby378 at 2025-03-12 17:24:44.046713+00:00 in new milashka445 at 2025-02-28 15:58:02.563549+00:00	1	[{"added": {}}]	8	1
280	2025-03-12 19:25:15.837597+02	3	amir555 at 2025-03-12 17:25:15.837435+00:00 in new milashka445 at 2025-02-28 15:58:02.563549+00:00	1	[{"added": {}}]	8	1
281	2025-03-12 20:16:29.530582+02	2	baby378 at 2025-03-12 18:16:29.530582+00:00 in new milashka445 at 2025-02-28 15:58:02.563549+00:00	2	[{"changed": {"fields": ["\\u0424\\u0430\\u0439\\u043b \\u0438\\u043b\\u0438 \\u0444\\u043e\\u0442\\u043e \\u043a\\u043e\\u043c\\u043c\\u0435\\u043d\\u0442\\u0430\\u0440\\u0438\\u044f"]}}]	8	1
282	2025-03-12 20:17:42.148746+02	3	milashka445 at 2025-03-12 18:17:42.140508+00:00	1	[{"added": {}}]	7	1
283	2025-03-12 20:18:42.757749+02	4	nikitos_papiros at 2025-03-12 18:18:42.749733+00:00 in new milashka445 at 2025-03-12 18:17:42.140508+00:00	1	[{"added": {}}]	8	1
284	2025-03-12 20:18:59.247366+02	5	olezha224 at 2025-03-12 18:18:59.247366+00:00 in new milashka445 at 2025-03-12 18:17:42.140508+00:00	1	[{"added": {}}]	8	1
285	2025-03-13 11:57:53.629842+02	5	baby378 at 2025-03-13 09:57:53.624250+00:00	2	[{"changed": {"fields": ["Rate"]}}]	16	1
286	2025-03-13 11:57:59.209094+02	6	amir555 at 2025-03-13 09:57:59.208094+00:00	2	[{"changed": {"fields": ["Rate"]}}]	16	1
287	2025-03-13 11:58:04.82646+02	7	nikitos_papiros at 2025-03-13 09:58:04.825462+00:00	2	[{"changed": {"fields": ["Rate"]}}]	16	1
288	2025-03-13 11:58:12.15025+02	8	olezha224 at 2025-03-13 09:58:12.149247+00:00	2	[{"changed": {"fields": ["Rate"]}}]	16	1
289	2025-03-13 11:58:21.039777+02	9	aliska567 at 2025-03-13 09:58:21.038777+00:00	2	[{"changed": {"fields": ["Rate"]}}]	16	1
290	2025-03-13 11:58:28.101332+02	10	pashka334 at 2025-03-13 09:58:28.100332+00:00	2	[{"changed": {"fields": ["Rate"]}}]	16	1
291	2025-03-13 11:58:36.011654+02	11	anzhelka322 at 2025-03-13 09:58:36.010656+00:00	2	[{"changed": {"fields": ["Rate"]}}]	16	1
292	2025-03-13 11:58:42.807645+02	12	dashka555 at 2025-03-13 09:58:42.806643+00:00	2	[{"changed": {"fields": ["Rate"]}}]	16	1
293	2025-03-13 17:39:48.787899+02	15	Пиво Опілля Корифей	2	[{"changed": {"fields": ["URL"]}}]	13	1
294	2025-06-03 20:04:00.028609+03	21	milashka445	2	[{"changed": {"fields": ["\\u0410\\u0432\\u0430\\u0442\\u0430\\u0440\\u043a\\u0430 \\u043f\\u043e\\u043b\\u044c\\u0437\\u043e\\u0432\\u0430\\u0442\\u0435\\u043b\\u044f"]}}]	6	1
295	2025-06-03 20:08:24.936241+03	21	milashka445	2	[{"changed": {"fields": ["\\u0410\\u0432\\u0430\\u0442\\u0430\\u0440\\u043a\\u0430 \\u043f\\u043e\\u043b\\u044c\\u0437\\u043e\\u0432\\u0430\\u0442\\u0435\\u043b\\u044f"]}}]	6	1
296	2025-06-03 20:09:29.056453+03	21	milashka445	2	[{"changed": {"fields": ["\\u0410\\u0432\\u0430\\u0442\\u0430\\u0440\\u043a\\u0430 \\u043f\\u043e\\u043b\\u044c\\u0437\\u043e\\u0432\\u0430\\u0442\\u0435\\u043b\\u044f"]}}]	6	1
297	2025-06-03 20:11:02.379711+03	21	milashka445	2	[{"changed": {"fields": ["\\u0410\\u0432\\u0430\\u0442\\u0430\\u0440\\u043a\\u0430 \\u043f\\u043e\\u043b\\u044c\\u0437\\u043e\\u0432\\u0430\\u0442\\u0435\\u043b\\u044f"]}}]	6	1
298	2025-06-03 20:11:16.296219+03	21	milashka445	2	[{"changed": {"fields": ["\\u0410\\u0432\\u0430\\u0442\\u0430\\u0440\\u043a\\u0430 \\u043f\\u043e\\u043b\\u044c\\u0437\\u043e\\u0432\\u0430\\u0442\\u0435\\u043b\\u044f"]}}]	6	1
299	2025-06-04 19:21:04.892452+03	21	milashka445	2	[{"changed": {"fields": ["\\u0410\\u0432\\u0430\\u0442\\u0430\\u0440\\u043a\\u0430 \\u043f\\u043e\\u043b\\u044c\\u0437\\u043e\\u0432\\u0430\\u0442\\u0435\\u043b\\u044f"]}}]	6	1
300	2025-06-04 19:21:18.052228+03	21	milashka445	2	[{"changed": {"fields": ["\\u0410\\u0432\\u0430\\u0442\\u0430\\u0440\\u043a\\u0430 \\u043f\\u043e\\u043b\\u044c\\u0437\\u043e\\u0432\\u0430\\u0442\\u0435\\u043b\\u044f"]}}]	6	1
301	2025-06-04 19:22:28.021788+03	21	milashka445	2	[{"changed": {"fields": ["\\u0410\\u0432\\u0430\\u0442\\u0430\\u0440\\u043a\\u0430 \\u043f\\u043e\\u043b\\u044c\\u0437\\u043e\\u0432\\u0430\\u0442\\u0435\\u043b\\u044f"]}}]	6	1
302	2025-06-04 19:22:48.837275+03	21	milashka445	2	[{"changed": {"fields": ["\\u0410\\u0432\\u0430\\u0442\\u0430\\u0440\\u043a\\u0430 \\u043f\\u043e\\u043b\\u044c\\u0437\\u043e\\u0432\\u0430\\u0442\\u0435\\u043b\\u044f"]}}]	6	1
303	2025-06-05 14:54:55.340966+03	21	milashka445	2	[{"changed": {"fields": ["Friends"]}}]	6	1
304	2025-06-05 15:22:45.506215+03	21	milashka445	2	[{"changed": {"fields": ["Friends"]}}]	6	1
305	2025-06-05 18:26:13.809102+03	21	milashka445	2	[{"changed": {"fields": ["Friends"]}}]	6	1
306	2025-06-05 18:26:40.545214+03	21	milashka445	2	[{"changed": {"fields": ["Friends"]}}]	6	1
307	2025-06-05 18:27:09.24293+03	21	milashka445	2	[]	6	1
308	2025-06-06 14:14:05.494312+03	33	anzhelka322	2	[{"changed": {"fields": ["Following"]}}]	6	1
309	2025-06-06 14:14:57.576692+03	33	anzhelka322	2	[{"changed": {"fields": ["Friends"]}}]	6	1
310	2025-06-06 14:15:57.456485+03	21	milashka445	2	[{"changed": {"fields": ["Following"]}}]	6	1
311	2025-06-06 14:17:20.421105+03	28	baby378	2	[{"changed": {"fields": ["Following"]}}]	6	1
312	2025-06-07 15:21:48.556548+03	21	milashka445	2	[{"changed": {"fields": ["Friends"]}}]	6	1
313	2025-06-07 19:48:42.26252+03	21	milashka445	2	[{"changed": {"fields": ["Friends"]}}]	6	1
314	2025-06-07 19:57:08.114574+03	21	milashka445	2	[{"changed": {"fields": ["Friends"]}}]	6	1
315	2025-06-07 19:58:36.324432+03	21	milashka445	2	[{"changed": {"fields": ["Friends"]}}]	6	1
316	2025-06-07 19:58:36.423165+03	21	milashka445	2	[]	6	1
317	2025-06-08 13:08:01.375298+03	21	milashka445	2	[{"changed": {"fields": ["Friends", "Following"]}}]	6	1
318	2025-06-08 13:09:26.113991+03	19	buhar22848	2	[{"changed": {"fields": ["Following"]}}]	6	1
319	2025-06-08 13:09:45.404839+03	29	kitty546	2	[{"changed": {"fields": ["Following"]}}]	6	1
320	2025-06-08 14:46:03.023487+03	27	flash228	2	[{"changed": {"fields": ["Following"]}}]	6	1
321	2025-06-08 14:46:27.475266+03	29	kitty546	2	[{"changed": {"fields": ["Following"]}}]	6	1
322	2025-06-08 14:47:17.132547+03	29	kitty546	2	[{"changed": {"fields": ["Following"]}}]	6	1
323	2025-06-08 14:47:33.888566+03	29	kitty546	2	[{"changed": {"fields": ["Following"]}}]	6	1
326	2025-06-10 10:26:25.761789+03	16	Любители вина	2	[{"changed": {"fields": ["\\u0421\\u043e\\u0437\\u0434\\u0430\\u0442\\u0435\\u043b\\u044c"]}}]	9	1
327	2025-06-10 10:32:15.175742+03	17	Любители вина	1	[{"added": {}}]	9	1
328	2025-06-18 10:49:42.610879+03	23	Любители вина	1	[{"added": {}}]	9	1
329	2025-06-18 13:59:47.579593+03	31	Любители виски	2	[{"changed": {"fields": ["\\u0423\\u0447\\u0430\\u0441\\u0442\\u043d\\u0438\\u043a\\u0438", "\\u0421\\u043e\\u0437\\u0434\\u0430\\u0442\\u0435\\u043b\\u044c"]}}]	9	1
330	2025-06-18 14:33:48.032878+03	31	Любители виски	3		9	1
331	2025-06-18 14:33:48.032878+03	30	.//	3		9	1
332	2025-06-18 14:33:48.032878+03	29	12345	3		9	1
333	2025-06-18 14:33:48.032878+03	28	куку45	3		9	1
334	2025-06-18 14:33:48.032878+03	27	qeqeq	3		9	1
335	2025-06-18 14:33:48.032878+03	26	fdf	3		9	1
336	2025-06-18 14:33:48.032878+03	25	Акак	3		9	1
337	2025-06-18 14:33:48.032878+03	24	Проститутки	3		9	1
338	2025-06-18 14:33:48.032878+03	23	Любители вина	3		9	1
339	2025-06-22 11:34:45.103166+03	19	milashka445 at 2025-06-22 08:34:45.088050+00:00	2	[]	16	1
340	2025-06-22 11:35:14.425698+03	20	milashka445 at 2025-06-22 08:35:14.424698+00:00	1	[{"added": {}}]	16	1
341	2025-06-22 11:44:45.55776+03	22	milashka445 at 2025-06-22 08:43:26.884286+00:00	3		16	1
342	2025-06-22 11:44:45.55776+03	21	milashka445 at 2025-06-22 08:36:45.281662+00:00	3		16	1
343	2025-06-22 11:44:45.55776+03	20	milashka445 at 2025-06-22 08:35:14.424698+00:00	3		16	1
344	2025-06-22 11:44:45.55776+03	19	milashka445 at 2025-06-22 08:34:45.088050+00:00	3		16	1
345	2025-06-22 11:44:45.55776+03	18	milashka445 at 2025-06-22 08:01:58.037021+00:00	3		16	1
346	2025-06-22 11:44:45.55776+03	17	milashka445 at 2025-06-22 07:55:57.110291+00:00	3		16	1
347	2025-06-22 11:44:45.55776+03	16	milashka445 at 2025-06-22 07:53:36.139957+00:00	3		16	1
348	2025-06-22 11:44:45.55776+03	15	milashka445 at 2025-06-22 07:52:03.843743+00:00	3		16	1
349	2025-06-22 11:44:45.55776+03	14	milashka445 at 2025-06-22 07:42:50.564304+00:00	3		16	1
350	2025-06-22 14:11:05.869257+03	31	milashka445 at 2025-06-22 11:10:40.389805+00:00	3		16	1
351	2025-06-22 14:11:05.869257+03	30	milashka445 at 2025-06-22 11:09:37.659678+00:00	3		16	1
352	2025-06-22 14:11:05.869257+03	29	milashka445 at 2025-06-22 11:09:03.207526+00:00	3		16	1
353	2025-06-22 14:11:05.869257+03	28	milashka445 at 2025-06-22 11:08:28.035966+00:00	3		16	1
354	2025-06-22 14:11:05.869257+03	27	milashka445 at 2025-06-22 11:08:08.285294+00:00	3		16	1
355	2025-06-22 14:11:05.869257+03	26	milashka445 at 2025-06-22 10:35:38.344791+00:00	3		16	1
356	2025-06-22 14:11:05.869257+03	25	milashka445 at 2025-06-22 10:35:14.520638+00:00	3		16	1
357	2025-06-22 14:16:26.232131+03	38	milashka445 at 2025-06-22 11:15:30.758183+00:00	3		16	1
358	2025-06-22 14:16:26.232131+03	37	milashka445 at 2025-06-22 11:14:56.488516+00:00	3		16	1
359	2025-06-22 14:16:26.232131+03	36	milashka445 at 2025-06-22 11:14:29.386314+00:00	3		16	1
360	2025-06-22 14:16:26.232131+03	35	milashka445 at 2025-06-22 11:13:59.456917+00:00	3		16	1
361	2025-06-22 14:16:26.232131+03	34	milashka445 at 2025-06-22 11:13:38.984050+00:00	3		16	1
362	2025-06-22 14:16:26.232131+03	33	milashka445 at 2025-06-22 11:12:07.305945+00:00	3		16	1
363	2025-06-22 14:16:26.232131+03	32	milashka445 at 2025-06-22 11:11:33.966754+00:00	3		16	1
364	2025-06-22 14:16:26.232131+03	24	milashka445 at 2025-06-22 10:34:14.865742+00:00	3		16	1
365	2025-06-22 14:16:26.232131+03	23	milashka445 at 2025-06-22 10:33:11.299898+00:00	3		16	1
366	2025-06-22 14:16:58.930349+03	39	milashka445 at 2025-06-22 11:16:58.930349+00:00	1	[{"added": {}}]	16	1
367	2025-06-22 14:18:52.314014+03	40	milashka445 at 2025-06-22 11:18:52.306115+00:00	1	[{"added": {}}]	16	1
368	2025-06-22 14:36:30.097014+03	45	milashka445 at 2025-06-22 11:36:30.097014+00:00	2	[{"changed": {"fields": ["Content type"]}}]	16	1
369	2025-06-24 11:19:40.46784+03	32	None - Пиво Fanatic Braunwald (1 шт.)	3		12	1
370	2025-06-24 11:19:40.46784+03	31	None - Пиво Fanatic Lightner (2 шт.)	3		12	1
371	2025-06-24 11:19:40.46784+03	30	None - Пиво Fanatic БОТЕ премиум лагер (1 шт.)	3		12	1
372	2025-06-24 11:19:40.46784+03	29	None - Пиво «Трембита» (2 шт.)	3		12	1
373	2025-06-24 11:19:40.46784+03	28	None - Пиво Fanatic Wheat Apricot (2 шт.)	3		12	1
374	2025-06-24 11:19:40.46784+03	24	None - Пиво «Микулин 900» (1 шт.)	3		12	1
375	2025-06-24 11:19:40.46784+03	21	None - Пиво FDB Honey Lager (2 шт.)	3		12	1
376	2025-06-24 11:19:40.46784+03	20	None - Пиво Fanatic «Бланшер» (2 шт.)	3		12	1
377	2025-06-24 11:19:40.46784+03	19	None - Пиво FDB Ukrainian Pilsner (2 шт.)	3		12	1
378	2025-06-24 11:19:40.46784+03	18	None - Пиво HoeGaarden Blanche (2 шт.)	3		12	1
379	2025-06-24 11:19:40.46784+03	12	None - Пиво Опілля Корифей (1 шт.)	3		12	1
380	2025-06-24 11:19:40.46784+03	11	None - Пиво Опілля Корифей (1 шт.)	3		12	1
381	2025-06-24 11:19:40.46784+03	9	None - Пиво Опілля Корифей (1 шт.)	3		12	1
382	2025-06-24 11:19:40.46784+03	8	None - Пиво Опілля Корифей (1 шт.)	3		12	1
383	2025-06-24 11:19:40.46784+03	7	None - Пиво Опілля Корифей (2 шт.)	3		12	1
384	2025-06-24 11:19:40.46784+03	4	None - Вино Ле Гарриг, Совиньон / Les Garrigues, Sauvignon, белое сухое 0.75л (1 шт.)	3		12	1
385	2025-06-26 15:18:38.15189+03	4	Заказ #4 от milashka445 (draft)	2	[{"changed": {"name": "\\u0422\\u043e\\u0432\\u0430\\u0440 \\u0437\\u0430\\u043a\\u0430\\u0437\\u0430", "object": "\\u041f\\u0438\\u0432\\u043e \\u00ab\\u041c\\u0438\\u043a\\u0443\\u043b\\u0438\\u043d 900\\u00bb (x2)", "fields": ["Object id"]}}]	21	1
386	2025-06-26 15:18:46.622913+03	4	Заказ #4 от milashka445 (draft)	2	[{"changed": {"name": "\\u0422\\u043e\\u0432\\u0430\\u0440 \\u0437\\u0430\\u043a\\u0430\\u0437\\u0430", "object": "\\u041f\\u0438\\u0432\\u043e \\u041e\\u043f\\u0456\\u043b\\u043b\\u044f \\u041a\\u043e\\u0440\\u0438\\u0444\\u0435\\u0439 (x2)", "fields": ["Object id"]}}]	21	1
387	2025-06-28 14:41:17.943865+03	47	milashka445 at 2025-06-28 11:41:17.926999+00:00	2	[{"changed": {"fields": ["Content type"]}}]	16	1
388	2025-06-28 14:44:07.376727+03	47	milashka445 at 2025-06-28 11:44:07.368727+00:00	2	[]	16	1
\.


--
-- TOC entry 5119 (class 0 OID 16916)
-- Dependencies: 220
-- Data for Name: django_content_type; Type: TABLE DATA; Schema: public; Owner: postgres
--

COPY public.django_content_type (id, app_label, model) FROM stdin;
1	admin	logentry
2	auth	permission
3	auth	group
4	contenttypes	contenttype
5	sessions	session
6	account	customuser
7	account	newsfeed
8	account	newsfeedcomments
9	chat	chat
10	chat	message
11	main	alcoholtype
12	main	basket
13	main	beer
14	main	cognak
15	main	purchasehistory
16	main	reviews
17	main	vine
18	main	vodka
19	chat	attachment
20	chat	hiddenchat
21	main	order
22	main	orderitem
\.


--
-- TOC entry 5117 (class 0 OID 16908)
-- Dependencies: 218
-- Data for Name: django_migrations; Type: TABLE DATA; Schema: public; Owner: postgres
--

COPY public.django_migrations (id, app, name, applied) FROM stdin;
1	contenttypes	0001_initial	2025-02-05 12:18:40.752906+02
2	contenttypes	0002_remove_content_type_name	2025-02-05 12:18:40.76262+02
3	auth	0001_initial	2025-02-05 12:18:40.810625+02
4	auth	0002_alter_permission_name_max_length	2025-02-05 12:18:40.81862+02
5	auth	0003_alter_user_email_max_length	2025-02-05 12:18:40.826999+02
6	auth	0004_alter_user_username_opts	2025-02-05 12:18:40.833093+02
7	auth	0005_alter_user_last_login_null	2025-02-05 12:18:40.833093+02
8	auth	0006_require_contenttypes_0002	2025-02-05 12:18:40.843371+02
9	auth	0007_alter_validators_add_error_messages	2025-02-05 12:18:40.843371+02
10	auth	0008_alter_user_username_max_length	2025-02-05 12:18:40.85284+02
11	auth	0009_alter_user_last_name_max_length	2025-02-05 12:18:40.86367+02
12	auth	0010_alter_group_name_max_length	2025-02-05 12:18:40.873483+02
13	auth	0011_update_proxy_permissions	2025-02-05 12:18:40.88331+02
14	auth	0012_alter_user_first_name_max_length	2025-02-05 12:18:40.88331+02
15	account	0001_initial	2025-02-05 12:18:41.033372+02
16	account	0002_alter_customuser_options_alter_newsfeed_options_and_more	2025-02-05 12:18:41.092417+02
17	admin	0001_initial	2025-02-05 12:18:41.138039+02
18	admin	0002_logentry_remove_auto_add	2025-02-05 12:18:41.153398+02
19	admin	0003_logentry_add_action_flag_choices	2025-02-05 12:18:41.172949+02
20	chat	0001_initial	2025-02-05 12:18:41.233194+02
21	chat	0002_alter_chat_options_alter_message_options	2025-02-05 12:18:41.268166+02
22	main	0001_initial	2025-02-05 12:18:41.422896+02
23	sessions	0001_initial	2025-02-05 12:18:41.432945+02
24	main	0002_beer_slug_cognak_slug_vine_slug_vodka_slug_and_more	2025-02-25 13:26:14.001337+02
25	main	0003_alter_vine_name_alter_vine_slug	2025-02-25 13:35:29.476285+02
26	account	0003_alter_customuser_email	2025-02-26 09:44:50.754406+02
27	account	0002_alter_customuser_image_alter_newsfeed_created_at	2025-03-03 17:34:30.35137+02
28	chat	0003_chat_image	2025-03-04 17:50:20.056278+02
29	account	0003_alter_newsfeed_file_and_more	2025-03-13 11:51:05.975626+02
30	main	0003_reviews_rate_alter_reviews_created_at	2025-03-13 11:52:45.696404+02
31	account	0004_alter_customuser_managers_and_more	2025-06-08 14:40:04.437797+03
32	chat	0002_alter_chat_options_alter_message_options_chat_admins_and_more	2025-06-10 10:16:30.922335+03
33	chat	0003_remove_message_file_chat_image_attachment	2025-06-16 15:48:03.374856+03
34	chat	0004_chat_image_hiddenchat	2025-06-17 18:54:54.604044+03
35	main	0004_beer_created_at_cognak_created_at_vine_created_at_and_more	2025-06-20 18:40:35.008165+03
36	main	0002_beer_created_at_beer_slug_cognak_created_at_and_more	2025-06-25 15:36:12.39851+03
\.


--
-- TOC entry 5162 (class 0 OID 17297)
-- Dependencies: 263
-- Data for Name: django_session; Type: TABLE DATA; Schema: public; Owner: postgres
--

COPY public.django_session (session_key, session_data, expire_date) FROM stdin;
6rgl651618qvmpwhh3rwrjomhia5elxv	.eJxVjMEOwiAQRP-FsyHZZaXg0bvfQBYWpGpoUtqT8d9tkx40mdO8N_NWgdelhrXnOYyiLgrU6beLnJ657UAe3O6TTlNb5jHqXdEH7fo2SX5dD_fvoHKv2xpdYqDoELA4gS2QPUqhbDlS8pjKgCRMZC0RGTRsUjSeBjgbV7L6fAHbAzdt:1tglpi:z-SKjKZQA6sg-vNjidHd-6aO49watTJvITDhq_iOA2M	2025-02-22 16:29:22.154265+02
2qbuxsc1n1pefsvtrdzo3rmhdqtqajlo	.eJxVjMEOwiAQRP-FsyHZZaXg0bvfQBYWpGpoUtqT8d9tkx40mdO8N_NWgdelhrXnOYyiLgrU6beLnJ657UAe3O6TTlNb5jHqXdEH7fo2SX5dD_fvoHKv2xpdYqDoELA4gS2QPUqhbDlS8pjKgCRMZC0RGTRsUjSeBjgbV7L6fAHbAzdt:1tl7w5:ij12j_CQgDjJnHH_0JB05cl5kEZzdVRZai2RKKsSgAQ	2025-03-06 16:53:57.103186+02
ilqugx10eobp2t9l47hfgsrutgrin5aq	.eJxVjMEOwiAQRP-FsyHZZaXg0bvfQBYWpGpoUtqT8d9tkx40mdO8N_NWgdelhrXnOYyiLgrU6beLnJ657UAe3O6TTlNb5jHqXdEH7fo2SX5dD_fvoHKv2xpdYqDoELA4gS2QPUqhbDlS8pjKgCRMZC0RGTRsUjSeBjgbV7L6fAHbAzdt:1tmWky:cG6SV1f8AY5_HFSwljncPSA1-1WuIEv6YLl36yZtngc	2025-03-10 13:36:16.060933+02
0uv0p1o8qfaqf9q978l8eph7f49a08h7	.eJxVjDsOwjAQBe_iGllZk9gOJT1nsPZnHECJFCcV4u7IUgpo38y8t0m4byXtVdc0ibkYGM3pdyTkp86NyAPn-2J5mbd1ItsUe9Bqb4vo63q4fwcFa2k10uCpg9EH8n2vyCMNzDF7f4aQXXQ6EESSzEFc1CAdSMRAmbMSdObzBSVIOS4:1tnCog:qOjsUFPr1UJjKnnnGbzv4u2KrDTFPStgPjOkUcKJE2U	2025-03-12 10:30:54.953853+02
2zyhvarcvshsxqw2n82iwxugfrodvqsh	.eJxVjMEOwiAQRP-FsyHZZaXg0bvfQBYWpGpoUtqT8d9tkx40mdO8N_NWgdelhrXnOYyiLgrU6beLnJ657UAe3O6TTlNb5jHqXdEH7fo2SX5dD_fvoHKv2xpdYqDoELA4gS2QPUqhbDlS8pjKgCRMZC0RGTRsUjSeBjgbV7L6fAHbAzdt:1tsPWz:kq9HxPl4A8oH5i3iTCeGjz5xNNZdqroCHuQxdZnSObc	2025-03-26 19:06:09.33156+02
q9e5enp8yja0f37l3rks91x5bsrun4m2	.eJxVjMEOwiAQRP-FsyHZZaXg0bvfQBYWpGpoUtqT8d9tkx40mdO8N_NWgdelhrXnOYyiLgrU6beLnJ657UAe3O6TTlNb5jHqXdEH7fo2SX5dD_fvoHKv2xpdYqDoELA4gS2QPUqhbDlS8pjKgCRMZC0RGTRsUjSeBjgbV7L6fAHbAzdt:1uMPWO:neacPMKNYIWWzYwh4spsaxaPiiuZKSmambeJ_nsiLjc	2025-06-17 14:09:32.466505+03
234lrarx1oruhufao9n7kmxh0w73b6k0	.eJxVjMEOwiAQRP-FsyHZZaXg0bvfQBYWpGpoUtqT8d9tkx40mdO8N_NWgdelhrXnOYyiLgrU6beLnJ657UAe3O6TTlNb5jHqXdEH7fo2SX5dD_fvoHKv2xpdYqDoELA4gS2QPUqhbDlS8pjKgCRMZC0RGTRsUjSeBjgbV7L6fAHbAzdt:1uR7GS:92odMqdhlsE2SmBw6Hzs_2F4E7zSM7K5VVPBrSmZKTI	2025-06-30 13:40:32.14425+03
62vp48dlegozk6yo0skgpnh1ts1p4xiq	.eJxVjMEOwiAQRP-FsyHZZaXg0bvfQBYWpGpoUtqT8d9tkx40mdO8N_NWgdelhrXnOYyiLgrU6beLnJ657UAe3O6TTlNb5jHqXdEH7fo2SX5dD_fvoHKv2xpdYqDoELA4gS2QPUqhbDlS8pjKgCRMZC0RGTRsUjSeBjgbV7L6fAHbAzdt:1uWZP9:h2Z02ye6tje03y-5odLw7kAd0KDaJJ4KqAkxTyXLpu0	2025-07-15 14:44:03.129176+03
\.


--
-- TOC entry 5149 (class 0 OID 17173)
-- Dependencies: 250
-- Data for Name: main_alcoholtype; Type: TABLE DATA; Schema: public; Owner: postgres
--

COPY public.main_alcoholtype (id, type) FROM stdin;
1	beer
2	cognak
3	vodka
4	vine
\.


--
-- TOC entry 5151 (class 0 OID 17189)
-- Dependencies: 252
-- Data for Name: main_beer; Type: TABLE DATA; Schema: public; Owner: postgres
--

COPY public.main_beer (id, name, price, description, aroma, taste, aftertaste, composition, combition_with, country, style, type, color, image, alcoholtype_id, slug, created_at) FROM stdin;
3	Пиво Fanatic БОТЕ премиум лагер	75.00	Хочешь узнать, какая Чехия по вкусу – попробуй наш «БОТЕ ПРЕМИУМ ЛАГЕР» – темно золотого цвета, мягкий, охмеленный лагер, с чистой, приятной горечью и насыщенным солодовым вкусом! Основная особенность этого продукта в том, что в его производстве используется только Чешский хмель.	С солодовым характером, к которому жатецкий хмель Saaz прибавил оттенки трав и пряностей. Также присутствуют ноты чая, зеленых фруктов и немного перца.	насыщенный, освежающий, со сладковато-зерновыми солодовыми нотами, цветочно-травяным букетом хмеля, оттенками фруктов, пряностей.	лёгкий, с нотами солода, трав.	вода, солод ячменный, хмель, дрожжи.	традиционные чешские блюда, печеная рулька, жареные домашние колбаски, легкие овощные салаты, козий сыр.	Украина	Lager	no-filter	semi-dark	alcohol_images/beer/2025/02/05/pivo-fanatic-bote.webp	1	fanatic	2025-06-20 18:40:34.976661+03
15	Пиво Опілля Корифей	67.50	Опілля Корифей - абсолютно традиционное пиво, в котором есть только солод, вода и хмель. Сдержанный зерновой аромат с оттенками хмеля. Вкус: чистый солодовый, умеренная хмелевая горечь. Готовится по классической лагерной технологии, фильтруется и вызревает в специальных подвалах со стабильной температурой.	солодовый аромат с легкими нотками сладости.	солодовый вкус с приятным послевкусием.	приятное послевкусие.	вода очищенная, ячменный солод, хмель, пивные дрожжи.	гриль, курица, зелень, острые блюда.	Украина	Lager	filter	light	alcohol_images/beer/2025/02/05/pivo-opilla-korifey.webp	1	opillia-korifey	2025-06-20 18:40:34.976661+03
8	Пиво «Трембита»	65.00	Трембита Lager – это традиционный легкий и питкий Лагер, сваренный на трех видах солода, которые придали яркий цвет и насыщенный солодовый вкус. Легкие цветочные ароматы, подчеркнутые легкой горечью и солодовым сладким послевкусием.	солодовый с цветочными нотами, оттенками меда, карамели и бисквитов.	солодовый с цветочными нотами, оттенками карамели и медовыми тонами.	сладковатое солодовое, освежающее. Хмелевая горечь практически незаметна.	вода, солод ячменный, Carared, Carapils, рис, хмель Заграва, дрожжи.	арахис, сыры, чипсы, фисташка.	Украина	Lager	no-filter	light	alcohol_images/beer/2025/02/05/pivo-trembita.webp	1		2025-06-20 18:40:34.976661+03
6	Пиво Fanatic Wheat Apricot	71.00	Пшеничное пиво со вкусом абрикоса, приятной кислинкой, нотами пшеничного хлеба, трав и цитрусовых. Освежающий аромат пива играет оттенками фруктов и пряностей.	изысканный, нежный, освежающий, с яркими нотками фруктов (среди которых можно распознать абрикос), цитрусовых оттенков и пряностей.	с приятной кислинкой. Объемный, богатый, насыщенный, напоминает о пшеничном хлебе, травах и цитрусовых. Главную роль в необычном букете играет абрикос. Добавляет шарма пряная составляющая. Хмелевая горечь не выражена.	гладкий, сухой, немного вяжущий, терпкий. Фруктово-цитрусовый шлейф с мягкой кислинкой пропадает медленно.	вода, солод ячменный, солод пшеничный, хмель, дрожжи, ароматизатор абрикос.	салаты, легкая рыба, суши, морепродукты (крабы, мидии, устрицы), севиче, тартар, паста или ризотто с морепродуктами, козий сыр, маскарпоне, фета.	Украина	Witbier	no-filter	light	alcohol_images/beer/2025/02/05/pivo-fanatic-wheat-apricot.webp	1	fanatic-wheat-apricot	2025-06-20 18:40:34.976661+03
4	Пиво Stella Artois	75.00	Stella Artois – легкое и освежающее пиво с приятными цветочными, цитрусовыми и ореховыми тонами во вкусе и аромате. Одно из самых продаваемых марок пива, в 2008 году превысило продажи 100 миллионов декалитров! Стелла Артуа применяет особую технологию фильтрация специально разработанную и запатентованную в университете города Леван, концерном InBev.	в свежем приятном аромате ощущаются травянистые тона, а также нюансы цитрусовых и кукурузы.	освежающий, легкий с тонами цитрусовых, орехов и цветочными нюансами.	длительное и благородное.	солод ячменный, кукуруза, хмель, дрожжи.	прекрасный аперитив, подходит к блюдам японской кухни, молодым твердым сырам, морепродуктам и птице.	Украина	Pale Lager	filter	light	alcohol_images/beer/2025/02/05/pivo-stella-artois.webp	1	stella-artois	2025-06-20 18:40:34.976661+03
12	Пиво Fanatic «Берлингер»	55.00	Берлингер Lager – это легкий и питкий Лагер, имеет насыщенный солодовый вкус, с тонкими цветочно-медовыми оттенками в аромате. На послевкусие ноты свежего хлеба с умеренной горечью.	солодовый, с тонами свежего хлеба и легкими цветочными оттенками.	сладковато-солодовый, с нежными цветочными нюансами.	легкое и освежающее, с солодовым характером, едва ощутимой сладостью.	вода, солод ячменный, хмель, дрожжи.	сыры, орехи, мясные и рыбные снеки.	Украина	Lager	no-filter	light	alcohol_images/beer/2025/02/05/pivo-fanatic-berlinger.webp	1	fanatic	2025-06-20 18:40:34.976661+03
11	Пиво Fanatic Braunwald	57.00	Темный лагер с карамельно-кофейным ароматом, мягкими тонами жженого солода и оттенками ржаного хлеба во вкусе. Хорошо сочетается с сушеным мясом, сырами, орехами, рыбой и икряниками. Пиво высокого качества, изготовленное специально для клиентов МОРЕ ПИВА и Hop Hey с использованием импортного солода и хмеля Cascade (Каскад).	карамельно-кофейный.	тона жженого солода с легкими оттенками корочек ржаного хлеба.	легкое карамельное.	вода, солод ячменный, CaraAroma, Roasted Barlev, хмель Альта, Cascade, дрожжи.	сушеное мясо, сыры, орехи, икряники, рыба.	Украина	Dark Lager	no-filter	dark	alcohol_images/beer/2025/02/05/pivo-fanatic-braunwald.webp	1	fanatic-braunwald	2025-06-20 18:40:34.976661+03
10	Пиво Fanatic Lightner	47.50	Светлый лагер с чистым, едва сладковатым солодовым вкусом и мягким послевкусием, в котором проявляются легкие хмелевые тона. Сорт относится к нефильтрованным, однако в процессе изготовления использована современная технология (сепарация), которая позволяет удалить из продукта практически все дрожжи. Поэтому сорт, с одной стороны, сохраняет насыщенный вкус и аромат, а с другой, приобретает чистоту, прозрачность и благородный блеск фильтрованного пива.	мягкий, солодово-хмелевой.	чистый, сладковато-солодовый. Благодаря небольшой плотности, пиво легко пьется.	по мере угасания солодовых тонов проявляется едва заметная хмелевая горечь, создающая освежающий эффект.	вода, солод ячменный, хмель Альта, дрожжи.	икряники, кальмар перуанский, сыр, орехи, кукурузные и картофельные снеки.	Украина	Lager	no-filter	light	alcohol_images/beer/2025/02/05/pivo-fanatic-lightner.webp	1	fanatic-lightner	2025-06-20 18:40:34.976661+03
16	Пиво Fanatic «Бланшер»	69.00	Легкое пшеничное пиво с едва ощутимыми цитрусовыми тонами и идеальным балансом солодовых и хмелевых оттенков. В послевкусии, как и в аромате, чувствуются пряно-пшеничные и цветочные ноты.	солодовый с пряно-пшеничными тонами и цветочными нотами.	сбалансированный, пшеничный, умеренно пряный с цитрусовыми нюансами.	мягкое, с цветочными оттенками.	вода, солод ячменный и пшеничный, хмель Заграва, дрожжи.	морепродукты, сыры, колбаски, сушеное мясо.	Украина	Weissbier	no-filter	light	alcohol_images/beer/2025/02/05/pivo-blansher.webp	1	fanatic	2025-06-20 18:40:34.976661+03
20	Пиво HoeGaarden Blanche	85.99	Hoegaarden Blanche - это нефильтрованное белое пшеничное пиво, которое за его бледный цвет и рекомендованную низкую температуру употребления называют "холодным солнцем". Пиво Hoegaarden пьют из традиционных стаканов шестигранной формы. Вкус пива легкий, свежий, кисло-сладкий с тонкими нотками хмеля, пряности, кориандра и апельсина с острова Кюрасао.	фруктовые ароматы банана, груши в сочетании с пряным, травяным ароматом гвоздики, семян кориандра и цитрусовых.	легкий, свежий, кисло-сладкий, с тонкими нотками хмеля, пряностей и цитрусовых (апельсина Кюрасао).	приятное сухое послевкусие и легкой хмелевой горчинкой.	хмель, пряности, кориандр, апельсин	со всем	Бельгия	Witbier	no-filter	light	alcohol_images/beer/2025/02/05/pivo-hoegaarden-blanche.webp	1	hoegaarden-blanche	2025-06-20 18:40:34.976661+03
19	Пиво FDB Ukrainian Pilsner	73.00	Pilsner от Днепровской пивоварни First Dnipro Brewery наверняка придется по вкусу всем, кто предпочитает светлое нефильтрованное пиво средней плотности с ощутимой горчинкой. Напиток имеет ярко выраженный вкус хмеля, преобладающий над солодовыми тонами. Пиво FDB Ukrainian Pilsner сочетается с большинством закусок и блюд. Благодаря естественной карбонизации, каждый глоток освежает рецепторы и позволяет лучше чувствовать вкус еды.	тонкие цитрусовые тона, апельсин, немного черного перца и кари, также в аромате прослеживаются травяные тона.	солодовые тона с нотками специй и цитруса.	горечь не интенсивная, мягкая, в послевкусии приятные хмелевые тона преобладают над солодовыми.	вода, солод ячменный светлый и карамельный, хмель Колумбус и Херсбрукер, дрожжи.	мясо на гриле, шашлык, пицца.	Украина	Pilsner	no-filter	light	alcohol_images/beer/2025/02/05/pivo-fdb-ukrainian-pilsner.webp	1	fdb-ukrainian-pilsner	2025-06-20 18:40:34.976661+03
18	Пиво FDB Honey Lager	69.00	Honey Lager – это насыщенный Лагерь с приятным медово-солодовым вкусом, подчеркнутый благовониями полевых цветов и трав. Приятное солодовое послевкусие.	яркие сладковато-медовые тона с цветочно-травяными хмелевыми нотами.	освежающие сладко-медово-солодовые оттенки, на фоне которых уверенно играют хмелевые тона, подчеркивая медовый характер пива.	сладко-медовое с цветочно-травяными хмелевыми нотами.	вода, солод ячменный светлый, карамельный, хмель Альта, Заграва, дрожжи.	вяленая свинина, вяленая курица, орехи.	Украина	Lager	no-filter	light	alcohol_images/beer/2025/02/05/pivo-fdb-honey-lager.webp	1	fdb-honey-lager	2025-06-20 18:40:34.976661+03
17	Пиво Умань Waissburg	67.00	Вайсбург Lager – это Лагер сваренный по немецкой технологии, имеет насыщенный солодовый вкус, с тонкими фруктовыми оттенками в аромате. На послевкусие хорошо выражена деликатная горечь.	легкий солодовый.	преимущественно солодовый.	сладковато-солодовое.	вода, солод пивоваренный ячменный светлый, ячмень для пивоварения, гранулы немецкого хмеля.	арахис, сыры, чипсы, фисташка.	Украина	Lager	filter	light	alcohol_images/beer/2025/02/05/pivo-uman-waissburg.webp	1	waissburg	2025-06-20 18:40:34.976661+03
14	Пиво «Микулин 900»	67.50	Появление этого сорта пива приурочено к празднованию 900-летия нашего городка Микулинцы (историческое название Микулин) в 1996 году. Это пиво с приятной хмелевой горечью и ароматом. Изготовлен из пивоваренного солода, ячменя, риса, хмеля. Рис, входящий в рецептуру этого пива, придает ему особую легкость и приятный вкус, сохраняет вкусовые свойства старых классических сортов пива с большим содержанием хмеля.	хмелевой аромат.	легкий, с выраженной хмелевой горечью, цитрусовые ноты. Рис в составе добавляет пиву особую легкость.	свежий и приятный сухой хмелевой акцент	вода, солод, ячмень, рис, хмель, дрожжи.	большинство рыбных и мясных закусок.	Украина	Lager	filter	light	alcohol_images/beer/2025/02/05/Микулин.webp	1	900	2025-06-20 18:40:34.976661+03
13	Пиво Fanatic Allesgut	65.00	Легкий нефильтрованный лагер с добавлением пшеничного солода. Обладает мягким сладковатым солодовым вкусом, который дополняют тонкие цветочные оттенки хмеля. Сорт гармонично сочетается с икряниками, кальмаром, сушеным мясом, колбасками к пиву, сыром, орехами, кукурузными и картофельными снеками. Хорошо утоляет жажду и оставляет долгое солодовое послевкусие.	солодовый, с едва уловимыми оттенками пшеничного пива и легкими хмелевыми нотами.	сладковатый, преимущественно солодовый, с хлебными оттенками и цветочными нотами хмеля.	долгоиграющее, солодовое с приятным освежающим эффектом.	вода, солод ячменный и пшеничный, хмель Зарево, дрожжи.	икряники, кальмар перуанский, сушеное мясо, колбаски к пиву, сыр, орехи, кукурузные и картофельные снеки.	Украина	Lager	no-filter	light	alcohol_images/beer/2025/02/05/pivo-fanatic-allesgut.webp	1	fanatic-allesgut	2025-06-20 18:40:34.976661+03
9	Пиво FDB Lager	67.00	Почти невозможно представить себе идеальное пиво для любого сезона, но “Лагер” от “First Dnipro Brewery” станет вашим фаворитом независимо от погоды за окном. Классический состав напитка: вода, хмель, солод и дрожжи - определяет его традиционный спокойный характер. Во вкусе чувствуется легкий яблочный оттенок, цветочные ноты и мягкая горечь в финале.	легкий хмельной аромат с яблочным оттенком.	приятный солодовый с цветочными нотками.	баланс между хмелевым и солодовым послевкусием, чистый лагерный характер.	вода, солод ячменный светлый, карамельный, хмель Альта, Заграва, дрожжи.	кальмар перуанский, сушеное мясо, орехи, кукурузные и картофельные снеки.	Украина	Lager	no-filter	light	alcohol_images/beer/2025/02/05/pivo-fdb-lager.webp	1	fdb-lager	2025-06-20 18:40:34.976661+03
7	Пиво Fanatic Cryo APA	79.00	Crio APA - это питкий светлый эль, со солодовым вкусом и цветочно-цитрусовым акцентом в аромате, которые добавили хмели - Centennial и Citra. Выдержанная умеренная горечь в послевкусии.	свежий, интенсивно насыщенный хмелем.	пиво имеет приятный, тонизирующий, заметно терпковатый характер. Главную роль так упорно и талантливо играет хмель, что о присутствии солода можно и не догадаться. Основные ноты, которые легко отмечаются в букете – травы и хвоя.	сухое, заметно терпкое, длительное, доминирующее хмелевое с оттенками травяно-хвойных мотивов.	вода, солод ячменный, Carapils, Caramunich, хмель Centennial и Citra, дрожжи.	острыми сырами, гамбургерами, мясной пиццей и мексиканской пищей. FANATIC CRYO APA составит хорошую пару с жареным цыпленком.	Украина	APA	no-filter	light	alcohol_images/beer/2025/02/05/pivo-fanatic-cryo-apa.webp	1	fanatic-cryo-apa	2025-06-20 18:40:34.976661+03
5	Пиво Fanatic Porter	73.00	Porter – это темный, густой, насыщенный Балтийский Портер, со вкусом поджаренного кофе и чернослива. Шоколадный аромат и приятная сладковатая горечь на послевкусие.	со сладковатыми нотами шоколада и легкими кофейными оттенками.	насыщенный, с тонами чернослива и черного шоколада.	согревающее, с долгоиграющими кофейно-шоколадными и сладковато-соловыми нотами.	вода, солод ячменный, Carared, Roasted Barlev, Caramunich Type 2, Melanoidin, хмель Northern Brewer и Willamette, дрожжи.	стейки, мясо лапскаут, выдержанные сыры, шоколадные десерты.	Украина	Porter	no-filter	dark	alcohol_images/beer/2025/02/05/pivo-fanatic-porter.webp	1	fanatic-porter	2025-06-20 18:40:34.976661+03
2	Крафтовое пиво IPA VIBES Fanatic West Coast IPA	99.00	Мощный насыщенный ИПА с ярко выраженным хмелевым характером. Во вкусе прослеживаются оттенки цветов и трав, цитрусовых, тропических фруктов, нотки пряностей и хвои. Завершает картину сухое долгоиграющее хмелевое послевкусие. Пиво сварено на 4 хмелях с добавлением овсяных хлопьев.	почти сбивает с ног хмелевым букетом.	имеет яркую хмелевую харизму, состоящую из нот полевых цветов и трав, цитрусовых (грейпфрут, лайм), фруктов (маракуя, персик, личи), крыжовника, дыни, чайного дерева, пряностей и хвои. По этой разноцветности солодовый профиль почти неощутим.	сухой, хмелевой.	вода, солод ячменный, овсяные хлопья, хмель, дрожжи.	ребрышки BBQ, острые куриные крылышки, шашлычки из курицы или лосося, грилированные овощи, севиче, сыры пармезан, гауда, горгонзола или рокфор, начос с сальсой и гуакамоле. В качестве десерта подойдут лимонный чизкейк, цитрусовый сорбет, ореховый торт, панакота.	Украина	IPA	no-filter	light	alcohol_images/beer/2025/02/05/pivo-fanatic-west.webp	1	ipa-vibes-fanatic-west-coast-ipa	2025-06-20 18:40:34.976661+03
1	Крафтовое пиво FDB Кофейный Портер	90.00	Темное насыщенное пиво с выразительным вкусом кофе и шоколада. Во вкусе также наблюдаются оттенки темных сухофруктов, карамели и дымные ноты. Хмель отдал пиву легкие ноты хвойных и цитрусовых.	имеет жарено-солодовое основание, в которое вплетены ноты цитрусовых.	сложный купаж солод подарил пиву невероятный букет, собранный из нот кофе, шоколада, темных сухофруктов, выпечки, карамели и дыма. Хмелевые ноты менее ощутимы. Их присутствие определяется легкими хвойными и цитрусово-травяными мотивами. Ощутимую грохот пива обеспечивает не только хмель, но и «зажаренный» солод.	финиш сухой, пиво оставляет упоминание о себе нотами тостов, кофе, чернослива.	вода, солод, хмель, дрожжи, тростниковый коричневый сахар.	говяжий стейк, свиные ребрышки, бургеры с насыщенными соусами, мясное рагу, белые грибы в сливочном соусе, мясные пироги, копчености. Выдержанные и насыщенные сыры (гауда, пармезан), сладковатые и сливочные сыры.	Украина	Porter	no-filter	dark	alcohol_images/beer/2025/02/05/pivo-porter.webp	1	fdb	2025-06-20 18:40:34.976661+03
\.


--
-- TOC entry 5153 (class 0 OID 17197)
-- Dependencies: 254
-- Data for Name: main_cognak; Type: TABLE DATA; Schema: public; Owner: postgres
--

COPY public.main_cognak (id, name, description, price, country, strength, volume, excerpt, supply_temperature, image, alcoholtype_id, slug, created_at) FROM stdin;
15	Коньяк Довбуш 3 звезды 40% 500 мл	Трехлетний гармоничный и хорошо сбалансированный коньяк, в аромате которого ярко выражены коньячные оттенки с тонами горных трав и лесных цветов. Безупречный аромат и долгое послевкусие. Пьется легко и мягко.	249.00	Украина	40.00	0.500	3 года	18 - 20 °С	alcohol_images/cognak/2025/02/06/konyak-dovbush-karpatskiy-3-zvezdy-0-5-l.webp	2		2025-06-20 18:40:34.999853+03
4	Коньяк Shustoff Одесса 3 звезды 40% 500 мл	Коньяк Shustoff 3 звезды создан в сороковые годы прошлого века из коньячных спиртов, выдержанных более трех лет в дубовых бочках. Используется обновленная схема производства с добавлением купажных спиртов 4-6 летнего возраста. Букет с лёгкими тонами выдержки. В аромате присутствуют нотки фиалки, а во вкусе и послевкусии фруктовые тона. Запасы собственных коньячных спиртов и купажей позволяют достичь уникального сочетания интенсивности аромата и мягкости вкуса этого популярного коньяка.	227.00	Украина	40.00	0.500	3 года	18 - 20 °С	alcohol_images/cognak/2025/02/06/konyak-shustoff-vs-3-zvezdy-0-5-l.webp	2	shustoff-3-40-500	2025-06-20 18:40:34.999853+03
5	Коньяк Shustoff Десна 3 звезды 40% 500 мл	Шустовские коньяки Десна — одни из первых, которые стали производиться на Одесском коньячном заводе после Второй мировой войны, в 1947 году. Шустов Десна 3 звезды — прекрасный самобытный коньяк, изготовленный из коньячных спиртов, средний возраст которых составляет не менее 3-х лет. Напиток обладает утонченным ароматом и сбалансированным, мягким вкусом.	227.00	Украина	40.00	0.500	3 года	20 - 22 °C	alcohol_images/cognak/2025/02/06/konyak-desna-3-zvezdy-0-5-l.webp	2	shustoff-3-40-500	2025-06-20 18:40:34.999853+03
6	Напиток алкогольный Shustoff Chocolatier Chocolade & Cherry 30% 500мл	Изысканный коньячно-шоколадный дижестив, созданный в 2016 году на основе высококачественных коньячных спиртов в сочетании с натуральными экстрактами шоколада, фруктов и пряностей. Отличается сложным чистым ароматом с шоколадными и тонкими цитрусовыми тонами, а также деликатным вкусом с нотками шоколада и легкими вишневыми оттенками. Имеет округлый мягкий вкус с легкой пряностью в длительном послевкусии. Задуманный как дамский напиток с невысокой крепостью, он приобрел также множество поклонников и среди мужчин. Попробуйте с шоколадом, эклерами, тортами, мороженым или в качестве отдельного десерта.	147.00	Украина	30.00	0.500	3 года	20 - 22 °C	alcohol_images/cognak/2025/02/06/konyachnyy-napitok-shustoff-chocolatier-chocolade-cherry-0-5-l.webp	2	shustoff-chocolatier-chocolade-cherry-30-500	2025-06-20 18:40:34.999853+03
7	Коньяк Georgian Legend 3 звезды 40% 0,5 л	GEORGIAN LEGEND - это классическая история традиций и культуры, воплощенная во вкусе. Проверенная веками технология производства. Аромат тонкий, гармоничный с очень приятным оттенком весенних цветов и красных ягод. Имеет округлый и особенный вкус.	192.50	Украина	40.00	0.500	3 года	От +18 °С до +20 °С	alcohol_images/cognak/2025/02/06/konyak-georgian-legend-ordinarnij-3-zirki-40-05-l.webp	2	georgian-legend-3-40-05	2025-06-20 18:40:34.999853+03
9	Коньяк Adjari 5 звезд 40% 0.5 л	Классический коньяк 5-летней выдержки с более насыщенным и многогранным букетом. В карамельных нотах ощущается мягкость, сочетающаяся с бархатистой ореховой терпкостью и легкими фруктовыми тонами. Завершается ансамбль приятным шоколадным вкусом. Цвет насыщенный янтарный. Вкус очень мягкий и округлый.	259.00	Украина	40.00	0.500	5 лет	19 - 25 °С	alcohol_images/cognak/2025/02/06/konyak-adjari-5-zvezd-0-5-l.webp	2	adjari-5-40-05	2025-06-20 18:40:34.999853+03
11	Коньяк Gudauri ординарный 3 звезды 40% 250 мл	Gudauri 3 звезды – многогранный, с яркими фруктовыми и цветочными нотками коньяк с душистыми восточными пряностями, имеет темно-янтарный цвет с золотистыми переливами. Гастрономическая сочетаемость коньячного напитка Gudauri достаточно широка и разнообразна: от традиционных закусок и легких мясных деликатесов до изысканных шоколадных десертов и классического черного кофе, дорогих сигар.	114.00	Украина	40.00	0.250	3 года	20 - 22 °C	alcohol_images/cognak/2025/02/06/konyak-gudauri-3-zvezdy-0-25-l.webp	2	gudauri-3-40-250	2025-06-20 18:40:34.999853+03
12	Коньяк Aznauri 3 звезды 40% 500 мл	Многослойный и богатый коньяк Aznauri 3 звезды создан с учетом коньячных традиций из виноградных дистиллятов, выдержанных не менее 3 лет в уникальных дубовых бочках с особенной степенью обжига. Именно выдержка в подобных бочках придает коньяку бархатистый и глубокий вкус с оттенками специй, ванили и сандала. Виноградный дистиллят изготовлен из винограда сорта Ркацители, благодаря которому букет наделен отменной мягкостью. Коньяк Aznauri 3 звезды рекомендовано употреблять в качестве дижестива, со свежим кофе, крепкой сигарой, десертами или свежими фруктами.	192.50	Украина	40.00	0.500	3 года	18 - 20 °C	alcohol_images/cognak/2025/02/06/konyak-aznauri-3-zvezdy-0-5-l.webp	2	aznauri-3-40-500	2025-06-20 18:40:34.999853+03
13	Коньяк Aznauri 5 звезд 40% 500 мл	Коньяк Aznauri 5 звезд создан с учетом коньячных традиций из виноградных дистиллятов, выдержанных не менее 5 лет в уникальных дубовых бочках с особенной степенью обжига. Именно выдержка в подобных бочках придает коньяку многогранный вкус с оттенками специй, цветов и сандала. Виноградный дистиллят изготовлен из винограда сорта Ркацители, благодаря которому букет наделен отменной мягкостью. Коньяк Aznauri 5 звезд рекомендовано употреблять в качестве дижестива, со свежим кофе, крепкой сигарой, десертами или свежими фруктами.	227.50	Украина	40.00	0.500	5 лет	18 - 20 °C	alcohol_images/cognak/2025/02/06/konyak-aznauri-5-zvezd-0-5-l.webp	2	aznauri-5-40-500	2025-06-20 18:40:34.999853+03
14	Коньяк Shustoff ординарный 3 звезды 40% 100 мл	Коньяк Shustoff 3 звезды создан в сороковые годы прошлого века из коньячных спиртов, выдержанных более трех лет в дубовых бочках. Используется обновленная схема производства с добавлением купажных спиртов 4-6 летнего возраста. Букет с лёгкими тонами выдержки. В аромате присутствуют нотки фиалки, а во вкусе и послевкусии фруктовые тона. Запасы собственных коньячных спиртов и купажей позволяют достичь уникального сочетания интенсивности аромата и мягкости вкуса этого популярного коньяка.	41.50	Украина	40.00	0.100	3 года	18 - 20 °С	alcohol_images/cognak/2025/02/06/konyak-shustoff-vs-3-zvezdy-0-1-l.webp	2	shustoff-3-40-100	2025-06-20 18:40:34.999853+03
16	Коньяк Shabo VS 40% 250 мл	Shabo VS - украинский трехзвездочный коньяк, изготовленный из коньячных спиртов, полученных из Алиготе, Ркацители и других белых сортов винограда. Входящие в состав коньяка спирты выдерживаются как минимум 3 года. Также в состав входят более взрослые спирты с выдержкой до 10 лет. В букете преобладают ароматы белых цветов и тона выдержки. Вкус бархатистый, зрелый, округлый, подчёркивающий качество и сложность изысканного купажа, приятное и долгое послевкусие	97.90	Украина	40.00	0.250	3 года	18 - 20 °С	alcohol_images/cognak/2025/02/06/konyak-shabo-vs-3-zvezdy-0-25-l.webp	2	shabo-vs-40-250	2025-06-20 18:40:34.999853+03
22	Коньяк Shabo VS 40% 375 мл	Shabo VS - украинский трехзвездочный коньяк, изготовленный из коньячных спиртов, полученных из Алиготе, Ркацители и других белых сортов винограда. Входящие в состав коньяка спирты выдерживаются как минимум 3 года. Также в состав входят более взрослые спирты с выдержкой до 10 лет. В букете преобладают ароматы белых цветов и тона выдержки. Вкус бархатистый, зрелый, округлый, подчёркивающий качество и сложность изысканного купажа, приятное и долгое послевкусие	176.00	Украина	40.00	0.380	3 года	18 - 20 °С		2	shabo-vs-40-375	2025-06-20 18:40:34.999853+03
20	Напиток алкогольный Shustoff Chocolatier Coffee 30% 0,25 л	Коньячно-шоколадный напиток Chocolatier — алкогольный напиток с низкой крепостью (30%), произведенный исключительно из натуральных ингредиентов – коньяка и экстракта шоколада (какао-бобов) с добавлением ванильного сиропа, настоев мандарина и вишни.	73.60	Украина	30.00	0.250	3 года	20 - 22 °C	alcohol_images/cognak/2025/02/06/napiy-alkogolniy-shokolad-ta-kava-shokolate-0-25l.webp	2	shustoff-chocolatier-coffee-30-025	2025-06-20 18:40:34.999853+03
19	Коньяк Shabo VS 3 звезды 40% 500 мл	Shabo VS - украинский трехзвездочный коньяк, изготовленный из коньячных спиртов, полученных из Алиготе, Ркацители и других белых сортов винограда. Входящие в состав коньяка спирты выдерживаются как минимум 3 года. Также в состав входят более взрослые спирты с выдержкой до 10 лет. В букете преобладают ароматы белых цветов и тона выдержки. Вкус бархатистый, зрелый, округлый, подчёркивающий качество и сложность изысканного купажа, приятное и долгое послевкусие	198.00	Украина	40.00	0.500	3 года	18 - 20 °С	alcohol_images/cognak/2025/02/06/konyak-shabo-vs-3-zvezdy-0-5-l.webp	2	shabo-vs-3-40-500	2025-06-20 18:40:34.999853+03
18	Коньячно-шоколадный алкогольный напиток Shustoff Chocolatier 30% 0.1 л	Коньячно-шоколадный напиток Chocolatier — алкогольный напиток с низкой крепостью, произведенный исключительно из натуральных ингредиентов – коньяка и экстракта шоколада (какао-бобов) с добавлением ванильного сиропа, настоев мандарина и вишни.	42.00	Украина	40.00	0.100	3 года	20-22 ºC	alcohol_images/cognak/2025/02/06/napiy-alkogolgiy-shokolad-ta-vishnya-shokolate-0-1l.webp	2	shustoff-chocolatier-30-01	2025-06-20 18:40:34.999853+03
26	Коньяк Shustoff 3 звезды 40% 250 мл	Коньяк Shustoff 3 звезды создан в сороковые годы прошлого века из коньячных спиртов, выдержанных более трех лет в дубовых бочках. Используется обновленная схема производства с добавлением купажных спиртов 4-6 летнего возраста. Букет с лёгкими тонами выдержки. В аромате присутствуют нотки фиалки, а во вкусе и послевкусии фруктовые тона. Запасы собственных коньячных спиртов и купажей позволяют достичь уникального сочетания интенсивности аромата и мягкости вкуса этого популярного коньяка.	99.50	Украина	40.00	0.250	3 года	18 - 20 °С	alcohol_images/cognak/2025/02/06/konyak-shustoff-vs-3-zvezdy-0-25-l.webp	2	shustoff-3-40-250	2025-06-20 18:40:34.999853+03
25	Коньяк Shustoff Десна 4 звезды 40% 500 мл	Шустовские коньяки Десна - одни из первых, которые стали производиться на Одесском коньячном заводе после Второй мировой войны, в 1947 году. Шустов Десна 4 звезды изготавливается из коньячных спиртов, средний возраст которых составляет не менее 4-х лет. Напиток обладает приятным ароматом с развитыми тонами выдержки и гармоничным, насыщенным вкусом.	246.00	Украина	40.00	0.500	4 года	20 - 22 °C	alcohol_images/cognak/2025/02/06/konyak-desna-4-zvezdy-0-5-l.webp	2	shustoff-4-40-500	2025-06-20 18:40:34.999853+03
24	Коньяк Adjari 3 звезды 40% 500 мл	Коньяк Adjari 3 звезды - это грузинский напиток, который воплощает богатые традиции изготовления коньяка из региона Аджария. Изготовленный из высококачественных сортов винограда, этот коньяк предлагает приятный вкус и аромат, что делает его идеальным выбором для ценителей классических напитков.\r\nОтмечается сбалансированным вкусом с нотами ванили, сухофруктов и орехов. Мягкие танины и легкая пряность придают коньяку глубокое и длительное послевкусие.\r\nРекомендуется подавать при комнатной температуре в коньячных бокалах, чтобы полностью раскрыть аромат и вкус. Идеально подходит в качестве дижестива, а также прекрасно сочетается с темным шоколадом и сырами.\r\nКоньяк Adjari 3 звезды - это отличный выбор для тех, кто ценит аутентичность и качество в напитках. Он добавляет шарма любому событию и дарит истинное наслаждение от каждого глотка.	239.00	Украина	40.00	0.500	3 года	19 - 25 °С	alcohol_images/cognak/2025/02/06/konyak-adjari-3-zvezdy-0-5-l.webp	2	adjari-3-40-500	2025-06-20 18:40:34.999853+03
23	Коньяк Gudauri ординарный 5 звезд 40% 500 мл	Коньяк Gudauri 5 звезд является достаточно крепким алкогольным напитком, который был выдержан в дубовых бочках не менее 5-ти лет. Вкус коньяка обладает богатыми тонами спелых, сладких, даже слегка подвяленных на солнце фруктов. В середине коньяк мягко обжигает теплом, разливаясь по венам жидким огнем. Послевкусие оставляет мягкое, ванильное. Цвет имеет сочный и достаточно насыщенный оттенок янтаря, который в солнце дает яркие всплески золотого отлива. Коньяк Gudauri 5 звезд рекомендуется упротреблять в чистом виде, медленно согревая бокал в руке для максимального раскрывания коньячного-шоколадного букета	268.00	Украина	40.00	0.500	5 лет	20 - 22 °C	alcohol_images/cognak/2025/02/06/konyak-gudauri-5-zvezd-0-5-l.webp	2	gudauri-5-40-500	2025-06-20 18:40:34.999853+03
21	Коньяк Aznauri 3 звезды 40% 250 мл	Многослойный и богатый коньяк Aznauri 3 звезды создан с учетом коньячных традиций из виноградных дистиллятов, выдержанных не менее 3 лет в уникальных дубовых бочках с особенной степенью обжига. Именно выдержка в подобных бочках придает коньяку бархатистый и глубокий вкус с оттенками специй, ванили и сандала. Виноградный дистиллят изготовлен из винограда сорта Ркацители, благодаря которому букет наделен отменной мягкостью. Коньяк Aznauri 3 звезды рекомендовано употреблять в качестве дижестива, со свежим кофе, крепкой сигарой, десертами или свежими фруктами.	99.00	Украина	40.00	0.250	3 года	18 - 20 °C	alcohol_images/cognak/2025/02/06/konyak-aznauri-3-zvezdy-0-25-l.webp	2	aznauri-3-40-250	2025-06-20 18:40:34.999853+03
3	Коньяк Gudauri ординарный 3 звезды 40% 500 мл	Gudauri 3 звезды – многогранный, с яркими фруктовыми и цветочными нотками коньяк с душистыми восточными пряностями, имеет темно-янтарный цвет с золотистыми переливами. Гастрономическая сочетаемость коньячного напитка Gudauri достаточно широка и разнообразна: от традиционных закусок и легких мясных деликатесов до изысканных шоколадных десертов и классического черного кофе, дорогих сигар.	227.00	Украина	40.00	0.500	3 года	20 - 22 °C	alcohol_images/cognak/2025/02/06/konyak-gudauri-3-zvezdy-0-5-l.webp	2	gudauri-3-40-500	2025-06-20 18:40:34.999853+03
8	Коньяк Adjari 3 звезды 40% 250 мл	Коньяк Adjari 3 звезды - это грузинский напиток, который воплощает богатые традиции изготовления коньяка из региона Аджария. Изготовленный из высококачественных сортов винограда, этот коньяк предлагает приятный вкус и аромат, что делает его идеальным выбором для ценителей классических напитков.\r\nОтмечается сбалансированным вкусом с нотами ванили, сухофруктов и орехов. Мягкие танины и легкая пряность придают коньяку глубокое и длительное послевкусие.\r\nРекомендуется подавать при комнатной температуре в коньячных бокалах, чтобы полностью раскрыть аромат и вкус. Идеально подходит в качестве дижестива, а также прекрасно сочетается с темным шоколадом и сырами.\r\nКоньяк Adjari 3 звезды - это отличный выбор для тех, кто ценит аутентичность и качество в напитках. Он добавляет шарма любому событию и дарит истинное наслаждение от каждого глотка.	139.00	Украина	40.00	0.250	3 года	19 - 25 °С	alcohol_images/cognak/2025/02/06/konyak-adjari-3-zvezdy-0-25-l.webp	2	adjari-3-40-250	2025-06-20 18:40:34.999853+03
10	Коньяк Shustoff Десна 3 звезды 40% 250 мл	Шустовские коньяки Десна — одни из первых, которые стали производиться на Одесском коньячном заводе после Второй мировой войны, в 1947 году. Шустов Десна 3 звезды — прекрасный самобытный коньяк, изготовленный из коньячных спиртов, средний возраст которых составляет не менее 3-х лет. Напиток обладает утонченным ароматом и сбалансированным, мягким вкусом.	97.50	Украина	40.00	0.250	3 года	20 - 22 °C	alcohol_images/cognak/2025/02/06/konyak-desna-3-zvezdy-0-25-l.webp	2	shustoff-3-40-250	2025-06-20 18:40:34.999853+03
17	Коньяк Erisioni ординарный 3 звезды 40% 500 мл	Купажи ERISIONI созданы из 100% грузинских виноградных спиртов. Спирты закупаются в Грузии у одного из самых крупных производителей полного цикла, а это значит что перегонка и выдержка происходит по классической технологии под контролем специалистов одной компании, что в свою очередь гарантирует высочайшее качество продукта. После купажирования спиртов технологом, коньяк отправляется на после купажный отдых, который делает напиток более сбалансированным и мягким.	209.00	Украина	40.00	0.500	3 года	18-20°C	alcohol_images/cognak/2025/02/06/konyak-ordinarniy-3-zirochki-erisioni-0-5l-40-1.webp	2	erisioni-3-40-500	2025-06-20 18:40:34.999853+03
\.


--
-- TOC entry 5172 (class 0 OID 17491)
-- Dependencies: 273
-- Data for Name: main_order; Type: TABLE DATA; Schema: public; Owner: postgres
--

COPY public.main_order (id, created_at, status, user_id) FROM stdin;
1	2025-06-25 15:42:19.027291+03	draft	21
2	2025-06-25 16:01:44.845259+03	draft	21
3	2025-06-25 19:24:38.725186+03	draft	21
4	2025-06-26 14:37:07.514998+03	draft	21
5	2025-06-27 10:45:22.810392+03	draft	21
6	2025-06-27 11:24:42.191808+03	draft	21
7	2025-06-27 11:24:50.735871+03	draft	21
8	2025-06-27 11:24:58.249645+03	draft	21
9	2025-06-28 14:20:06.963648+03	draft	21
\.


--
-- TOC entry 5174 (class 0 OID 17497)
-- Dependencies: 275
-- Data for Name: main_orderitem; Type: TABLE DATA; Schema: public; Owner: postgres
--

COPY public.main_orderitem (id, object_id, quantity, price, content_type_id, order_id) FROM stdin;
1	8	1	0.00	13	1
2	8	1	65.00	13	2
3	15	1	67.50	13	2
4	6	1	71.00	13	2
5	8	2	65.00	13	3
6	6	1	71.00	13	3
7	15	1	67.50	13	3
9	8	2	65.00	13	4
10	3	1	75.00	13	4
11	6	1	71.00	13	4
12	12	1	55.00	13	4
8	15	2	67.50	13	4
13	6	1	71.00	13	5
14	15	2	67.50	13	5
15	3	1	75.00	13	5
16	4	1	75.00	13	5
17	3	1	75.00	13	6
18	15	1	67.50	13	6
19	8	1	65.00	13	6
20	6	1	71.00	13	6
21	11	1	57.00	13	6
22	12	1	55.00	13	6
23	4	1	75.00	13	6
24	10	1	47.50	13	6
25	11	1	57.00	13	7
26	12	1	55.00	13	7
27	20	1	85.99	13	7
28	19	1	73.00	13	7
29	18	1	69.00	13	7
30	12	1	55.00	13	8
31	11	1	57.00	13	8
32	8	1	65.00	13	8
33	6	1	71.00	13	8
34	15	2	67.50	13	9
35	8	1	65.00	13	9
36	3	1	75.00	13	9
37	12	1	55.00	13	9
38	4	1	75.00	13	9
39	11	1	57.00	13	9
40	10	1	47.50	13	9
41	19	1	73.00	13	9
42	20	1	85.99	13	9
\.


--
-- TOC entry 5155 (class 0 OID 17205)
-- Dependencies: 256
-- Data for Name: main_purchasehistory; Type: TABLE DATA; Schema: public; Owner: postgres
--

COPY public.main_purchasehistory (id, object_id, quantity, price, purchased_at, content_type_id, user_id) FROM stdin;
\.


--
-- TOC entry 5157 (class 0 OID 17213)
-- Dependencies: 258
-- Data for Name: main_reviews; Type: TABLE DATA; Schema: public; Owner: postgres
--

COPY public.main_reviews (id, text, created_at, object_id, author_id, content_type_id, rate) FROM stdin;
5	Очень насыщенный и изысканный вкус... Однозначно на первом месте для истинных гурманов не простого пива.	2025-03-13 11:57:53.62425+02	15	28	13	5
6	Действительно хороший плотный ипа, чуствуется послевкусие цитрусовых не навязчивое. Точнее цедры цитруса. 0.5 заходит перед основным легким лагером отлично. Но больше литра мне тяжеловато будет) Мне понравилось, буду брать еще.	2025-03-13 11:57:59.208094+02	15	26	13	4
7	Очень сильно понравилось именно эта IPA!	2025-03-13 11:58:04.825462+02	15	25	13	5
8	PS: пенка и плотность отличное)	2025-03-13 11:58:12.149247+02	15	24	13	5
9	Что то похожее на ипа, но не совсем ипа. В принципе это такой лагер, с привкусом ипы. Пойдет	2025-03-13 11:58:21.038777+02	15	23	13	4
10	Пил Я БОТЕ лет 10-12 назад и помню его вкус. Это почти первое кравтовое пиво которое появилось в Днепре. Совсем не тот вкус. То был мягкий солодовый лагер, питкий и лёгкий. А это опять хмельной и горький. Недо IPA короче получился. Такое впечатления что главные пивовары (технологи) завода fanatic да и FDB - фанаты IPA. Да сделайте вы наконец-то янтарный лагер - венский лагер или kelerber.	2025-03-13 11:58:28.100332+02	15	22	13	4
11	Пиво очень понравилось	2025-03-13 11:58:36.010656+02	15	33	13	5
12	Добротное пиво. Ничего сверх оригинального во вкусе нет - сбалансированный лагер.	2025-03-13 11:58:42.806643+02	15	32	13	4
41	qwerty	2025-06-22 14:28:06.459438+03	3	21	13	2
40	dwqewqeq	2025-06-22 14:18:52.306115+03	2	21	17	3
42	dadawew	2025-06-22 14:28:48.459924+03	4	21	17	3
45	fdfdfd	2025-06-22 14:36:30.097014+03	4	21	17	3
48	ferr	2025-06-29 11:39:50.890128+03	10	21	17	5
\.


--
-- TOC entry 5159 (class 0 OID 17222)
-- Dependencies: 260
-- Data for Name: main_vine; Type: TABLE DATA; Schema: public; Owner: postgres
--

COPY public.main_vine (id, name, description, price, country, volume, supply_temperature, taste, color, sugar_supply, image, alcoholtype_id, slug, created_at) FROM stdin;
2	Вино Мишель Сервин, Блан / Michel Servin, Blanc, белое сухое 0.75л	Michel Servin, Blanc — утонченное белое французское вино, которое воплощает многовековые традиции виноделия и современные технологии XXI века. Создано на основе отборных ягод Совиньон Блан, Коломбар и Уни Блан, выращенных на виноградниках под влиянием средиземноморского климата. Сбор ягод проходит только после достижения полной зрелости, а затем ягоды отправляют на винодельню, где тщательно сортируют и очищают.	249.00	Франция	0.75	10-12 °С	Гармоничный и сбалансированный вкус сочетает свежесть, фруктовую сладость и легкую кислинку. Послевкусие долгое и приятное.	white	dry	alcohol_images/vine/2025/02/05/vino-michel-servin-blanc-bile-suhe-075l.jpg	4	michel-servin-blanc-075	2025-06-20 18:40:35.004071+03
4	Вино Ле Гарриг, Совиньон / Les Garrigues, Sauvignon, белое сухое 0.75л	Les Garrigues, Sauvignon — изысканное белое вино из легендарного Лангедок-Руссильона, демонстрирующее классический характер сорта Совиньон Блан. Его название "Les Garrigues" отсылает нас к ароматным травам (гаригам), которые вырастают на холмах рядом с виноградниками и придают вину особый шарм. Ягоды Совиньон Блан здесь раскрываются в полной красоте, но дополнены яркими средиземноморскими акцентами, присущими этому региону.	299.00	Франция	0.75	10-12 °С	Очень свежий, хрустящий вкус с отличной кислотностью, выразительными мотивами лайма, зеленого яблока и крыжовника, которые переходят в длительное освежающее послевкусие.	white	dry	alcohol_images/vine/2025/02/05/vino-les-garrigues-sauvignon-bile-suhe-075l.jpg	4	les-garrigues-sauvignon-075	2025-06-20 18:40:35.004071+03
5	Вино Ле Гарриг, Шардоне / Les Garrigues, Chardonnay, белое сухое 0.75л	Les Garrigues, Chardonnay — белое сухое вино, сочетающее изысканный французский вкус и приятную свежесть. Создано из отобранных ягод сорта Шардоне, выращенного на участках неподалеку от каменистых пустырей с бедной растительностью. Виноградники расположены достаточно изолированно между Пиренеями и Средиземным морем с галечно-песчаными грунтами с отличными дренажными свойствами. Собранный урожай тщательно сортируют, ягоды отделяют от гребней. Винификация проходит по традиционному методу для белых сухих вин. Les Garrigues, Chardonnay выделяется яркими ароматами спелого яблока, груши, ананаса и цветов. Это самый лучший подарок для каждого любителя Шардоне с австралийским колоритом.	299.00	Франция	0.75	8-10 °С	Мягкий, округлый вкус с нотами медовой дыни, цитрусовых и белых фруктов со сливочной текстурой, свежей кислотностью и длинным сухим послевкусием.	white	dry	alcohol_images/vine/2025/02/05/vino-les-garrigues-chardonnay-bile-suhe-075l.jpg	4	les-garrigues-chardonnay-075	2025-06-20 18:40:35.004071+03
10	Вино Кари Салути, Россо д'Италия / Cari Saluti, Rosso d'Italia, красное сухое 0.75л	Cari Saluti, Rosso d'Italia — красное сухое вино, название которого переводится как "Теплые приветы из Италии" и ассоциируется с теплой атмосферой, дружбой и вкусом солнечной Италии. Изготовлено на основе отобранных красных сортов винограда, выращенных в жарком средиземноморском климате севера Апеннинского полуострова. Собирают урожай только вручную и проводят классическую для итальянских красных вин винификацию. Cari Saluti, Rosso d'Italia — идеальный выбор для тихого вина, которым можно наслаждаться ежедневно или охлажденным летом в паре с сырным ассорти и орехами. Это красное сухое вино приятно удивит как любителей более насыщенных итальянских вкусов, так и всех любителей классики виноделия.	149.00	Италия	0.75	18-20 °С	Фруктовый, мягкий вкус с выразительными нотами спелой вишни, смородины и легкими танинами.	red	dry	alcohol_images/vine/2025/02/05/vino-cari-saluti-rosso-ditalia-chervone-suhe-075l.jpg	4	cari-saluti-rosso-ditalia-075	2025-06-20 18:40:35.004071+03
7	Вино "Ла Линда", Свит Вионье / "La Linda", Sweet Viognier, Luigi Bosca, белое полусладкое 0.75л	"La Linda", Sweet Viognier — полусладкое белое вино из знаменитого региона Мендоса, известного своими яркими винами. Изготовлено из сорта Вионье, выращенного на 30-летних виноградниках Майпу на высоте 850 метров. Этот виноград отлично подходит для производства ароматических вин с высокой природной сладостью.	375.00	Аргентина	0.75	6–8 °С	Яркий, освежающий вкус, с хорошим телом и балансом природной кислотности и остаточного сахара. Послевкусие очень выразительное и нежное.	white	semi-sweet	alcohol_images/vine/2025/02/05/vino-la-linda-sweet-viognier-bile-napivsolodke-075l.jpg	4	la-linda-sweet-viognier-luigi-bosca-075	2025-06-20 18:40:35.004071+03
8	Вино Кари Салути, Примитиво Пулья / Cari Saluti, Primitivo Puglia, красное сухое 0.75л	Cari Saluti, Primitivo Puglia — апулийское красное сухое вино, отлично представляющее линейку вин Cari Saluti. Изготовлено из местного сорта Примитиво, старинного клона калифорнийского Зинфанделя, известного своим насыщенным вкусом. Виноградники расположены на юго-востоке Италии, где жаркий и сухой климат, а также известковые и глинистые почвы формируют идеальные условия для культивации лоз.	199.00	Италия	0.75	18-20 °С	Хорошо структурированный, сложный, сбалансированный вкус с мягкими танинами, бархатистой текстурой и длинным, волшебным послевкусием.	red	dry	alcohol_images/vine/2025/02/05/vino-cari-saluti-primitivo-puglia-chervone-suhe-075l.jpg	4	cari-saluti-primitivo-puglia-075	2025-06-20 18:40:35.004071+03
11	Вино Кари Салути, Монтепульчано д'Абруццо / Cari Saluti, Montepulciano d'Abruzzo, красное сухое 0.75л	Cari Saluti, Montepulciano d'Abruzzo — классическое выражение виноделия Италии, которое станет настоящей классикой в вашей винной коллекции. Изготовлено вино из винограда сорта Монтепульчано, выращенного в Абруццо, на побережье Адриатического моря. Достаточное количество солнечного света помогает быстрому созреванию ягод, а морские бризы смягчают климат и придают вину легкую минеральность. Собирают урожай вручную и проводят классическую для итальянских красных вин винификацию. Cari Saluti отлично подходит к блюдам итальянской кухни, как паста с томатным соусом, мясные блюда на гриле или сыры средней выдержки. Это вино составляет достойную конкуренцию всему сегменту красных вин юга Италии.	179.00	Италия	0.75	18-20 °С	Насыщенный, сбалансированный вкус с яркими фруктовыми нотками вишни, черники и оттенками специй.	red	dry	alcohol_images/vine/2025/02/05/vino-cari-saluti-montepulciano-dabruzzo-chervone-suhe-075l.jpg	4		2025-06-20 18:40:35.004071+03
13	Вино Колпассо, Грилло Аппасименто / Colpasso, Grillo Appassimento, The Wine People, белое сухое 0.75л	Вино Colpasso, Grillo Appassimento, The Wine People производится на западе Сицилии из винограда сорта Грилло, который благодаря теплому средиземноморскому климату достигает максимальных вкусовых качеств. Этот традиционный сицилийский сорт винограда славится своей стойкостью и длительным созреванием на лозах, что позволяет ему приобретать сложность и богатство вкуса.	465.00	Италия	0.75	10-12 °С	Имеет фруктовый характер с нотами желтой сливы, свежего яблока, лимона и орехов, создавая насыщенный, маслянистый оттенок средней интенсивности.	white	dry	alcohol_images/vine/2025/02/05/vino-colpasso-grillo-appassimento-wine-people-bile-suhe-075l.jpg	4	colpasso-grillo-appassimento-the-wine-people-075	2025-06-20 18:40:35.004071+03
14	Вино Винья Реал, Крианса / Vina Real, Crianza, CVNE, красное сухое 0.75л	Vina Real, Crianza, CVNE — отличный образец испанского виноделия изготовленный из купажа Темпранильо и Гренаш. Лозы культивируют на собственных виноградниках винодельни у Риоха-Алавеса на протяжении многих лет. Климат терруара находится под влиянием Атлантического океана, а глинистые и известняковые почвы создают особо благоприятные условия для созревания сортов, являющихся визитной карточкой Испании.	595.00	Испания	0.75	16-18 °С	Мягкий, шелковистый вкус с фруктовыми акцентами, нотами апельсиновой цедры, вишни и трав. Послевкусие радует живой кислинкой.	red	dry	alcohol_images/vine/2025/02/05/vino-vina-real-crianza-cvne-chervone-suhe-075l.jpg	4	vina-real-crianza-cvne-075	2025-06-20 18:40:35.004071+03
15	Вино Розе, Олд Коуч Роуд / Rose, Old Coach Road, розовое сухое 0.75л	Rose, Old Coach Road — изысканное розато, сразу привлекающее внимание своим нежным розовым цветом и изящным ароматом. Это вино станет отличным дополнением к любому летнему вечеру или праздничному застолью на природе. Изготовлено из новозеландского Мальбека, выращенного в чрезвычайно каменистой местности Брайтвотер с низким уровнем воды и питательных веществ.	489.00	Новая Зеландия	0.75	8-10 °С	Свежий, фруктовый вкус со сбалансированной сладостью, тонами малины, цитрусовых и лепестков розы.	pink	dry	alcohol_images/vine/2025/02/05/vino-rose-old-coach-road-rozheve-suhe-075l.jpg	4		2025-06-20 18:40:35.004071+03
16	Вино Винья Реал, Резерва / Vina Real, Reserva, CVNE, красное сухое 0.75л	Vina Real, Reserva, CVNE — глубокое красное сухое вино с богатым вкусом изготовленное на основе традиционных для Риохи сортов винограда. В купаже доминирует виноград Темпранильо, гармонично дополненный Гренашем. Урожай собирают вручную и после холодной мацерации ягоды измельчают и ферментируют в стальных резервуарах при контролируемой температуре. Выдержка вина проходит в бочках из французского и американского дуба в течение около 22 месяцев, чтобы вино успело приобрести округлость и тонкую элегантность. Испанское Vina Real, Reserva, CVNE является изысканным образцом мастерства виноделов, которые действительно знают, каким должно быть истинное вино для гурманов.	995.00	Испания	0.75	16-18 °С	Округлый, мягкий вкус с шелковистой текстурой, четкими танинами, нотами ягод, табака, апельсиновой корки и пряностей. Послевкусие длительное и стойкое.	red	dry	alcohol_images/vine/2025/02/05/vino-vina-real-reserva-cvne-chervone-suhe-075l_17.jpg	4		2025-06-20 18:40:35.004071+03
17	Вино Винья Реал, Ферментадо эн Баррика / Vina Real, Fermentado en Barrica, CVNE, белое сухое 0.75л	Вино Vina Real, Fermentado en Barrica, CVNE производится в регионе Риоха, Испания, из винограда сорта Виура (Macabeo). Виноград для этого вина собирают вручную на пике зрелости, что позволяет достичь оптимальной концентрации аромата и вкуса. После тщательного отбора ягоды проходят холодную мацерацию в течение 6-8 часов для улучшения ароматической экстракции. Брожение происходит в новых дубовых бочках из американского дуба при контролируемой температуре 16-20°C в течение 15-20 дней. После этого вино выдерживают 6 месяцев на осадке в дубовых бочках, что позволяет развить глубину и сложность вкуса.	545.00	Испания	0.75	10–12°C.	Приятный, мягкий и свежий, с динамичными фруктовыми нотами и бальзамическими оттенками, создающими сбалансированный сладковатый финиш.	white	dry	alcohol_images/vine/2025/02/05/vino-vina-real-fermentado-en-barrica-cvne-bile-suhe-075l.jpg	4		2025-06-20 18:40:35.004071+03
23	Вино Винья Реал, Гран Резерва Эспешл / Vina Real, Gran Reserva Especial, CVNE, красное сухое 0.75л	Vina Real, Gran Reserva Especial, CVNE — уникальное красное сухое вино, которое уже несколько десятилетий является одним из самых классических вин Риоха Алавеса. Создано из сорта Темпранильо, выращенного на известняковых почвах региона, с добавлением в незначительном количестве сорта Грасиано. Именно богатые глинисто-известковые почвы создают особенно благоприятные условия для их созревания.	2225.00	Испания	0.75	16-18 °С	Спелый, интенсивный вкус с идеальным балансом, хорошей структурой, мелкозернистыми танинами с приятной кислинкой и длительным послевкусием.	red	dry	alcohol_images/vine/2025/02/05/vino-vina-real-gran-reserva-especial-cvne-chervone-suhe-075l.jpg	4	vina-real-gran-reserva-especial-cvne-075	2025-06-20 18:40:35.004071+03
27	Вино "Мариус Мишо" Божоле Нуво / "Marius Michaud" Beaujolais Nouveau, 2024, красное сухое 0.75л	"Marius Michaud" Beaujolais Nouveau — непревзойденное молодое красное вино из ягод сорта Гаме, произрастающих в историческом регионе Божоле. Лозы культивируют на склонах Центрального предгорного массива на глинисто-кремнистых почвах. Технология производства сочетает традиционное алкогольное брожение с внутриклеточным брожением винограда, что создает такие особые вкусы и ароматы. Часть винограда проходит горячую мацерацию для получения более глубокого оттенка. Полууглекислая винификация с выдержкой 3-5 дней соответствует фирменному стилю Божоле.	395.00	Франция	0.75	14-16 °С	Элегантные, живые, хорошо сбалансированные красные фрукты с приятным балансом кислотности и легким ощущением терпкости.	red	dry	alcohol_images/vine/2025/02/05/vino-marius-michaud-beaujolais-nouveau-chervone-suhe-075l_18.jpg	4	marius-michaud-beaujolais-nouveau-2024-075	2025-06-20 18:40:35.004071+03
21	Вино Винья Реал, Ла Вирджен АКА Пагос / Vina Real, La Virgen AKA Pagos, CVNE, красное сухое 0.75л	Красное сухое вино Vina Real, La Virgen AKA Pagos, CVNE происходит с виноградника La Virgen, расположенного в регионе Риоха Алавеса на склонах горы Толоньо. Почвы в этой местности глинистые с примесью гальки, что обеспечивает отличный дренаж. Виноградники ориентированы на юг и имеют оптимальное солнечное освещение, в то время как склоны защищают лозы от северных ветров. Благодаря теплым августовским и сентябрьским дням и холодным ночам, виноград медленно созревает, сохраняя свою природную кислотность, что является важным для производства высококачественного сухого вина.	4775.00	Испания	0.75	16-18°C.	Сочетает свежую фруктовость, мягкие таннины и гармоничную кислотность, а выдержка в бочках добавляет нотки специй, дыма и шоколада, создавая длинное и сбалансированное послевкусие.	red	dry	alcohol_images/vine/2025/02/05/vino-vina-real-la-virgen-aka-pagos-chervone-suhe-075l_71.jpg	4	vina-real-la-virgen-aka-pagos-cvne-075	2025-06-20 18:40:35.004071+03
22	Вино Кари Салути, Мерло / Cari Saluti, Merlot, красное сухое 0.75л	Cari Saluti, Merlot — настоящая итальянская история, воплощенная в каждой капле. Название этого вина переводится как "Теплые приветы", а потому обещает незабываемые вкусовые впечатления и атмосферу солнечной Италии. Изготовлено из сорта Мерло, который является звездой среди красных сортов и известен своими мягкими танинами, фруктовыми нотками и бархатной структурой. Собирают урожай только вручную и проводят классическую для итальянских красных вин винификацию. Cari Saluti, Merlot универсально сочетается с разнообразными блюдами как стейки, выдержанные сыры или паста с мясным соусом, грибами и овощами. Его мягкий, приятный вкус понравится даже тем, кто не является большим любителем красных сухих вин.	169.00	Италия	0.75	14-16 °С	Мягкий, фруктовый вкус с приятной кислотностью и очень хорошо сбалансированными танинами.	red	dry	alcohol_images/vine/2025/02/05/vino-cari-saluti-merlot-chervone-suhe-075l.jpg	4	cari-saluti-merlot-075	2025-06-20 18:40:35.004071+03
26	Вино Кари Салути, Бьянко д'Италия / Cari Saluti, Bianco d'Italia, белое сухое 0.75л	Cari Saluti, Bianco d'Italia — белое сухое вино, воплощающее в себе все лучшее от итальянского виноделия. Его свежая, фруктовая вкусовая палитра станет отличным дополнением к любой трапезе. Изготовлено из белых сортов винограда, выращенных в жарком средиземноморском климате севера Апеннинского полуострова. Процесс винификации проходит классическим способом для итальянских белых вин. Cari Saluti, Bianco d'Italia безупречно подходит к трапезе со свежими салатами, овощами и мягкими сырами. Его свежая вкусо-ароматика наполнена цветочными нотками и легкими минеральными оттенками, что создает ощущение свежести и чистоты. Это прекрасный выбор для тех, кто ценит легкие и свежие вина, которые сделают любой ужин особенным.	149.00	Италия	0.75	8-10 °С	Свежий, фруктовый вкус с выраженными тонами цитрусовых, зеленого яблока и груши с длительным, но бодрым финалом.	white	dry	alcohol_images/vine/2025/02/05/vino-cari-saluti-bianco-ditalia-bile-suhe-075l.jpg	4	cari-saluti-bianco-ditalia-075	2025-06-20 18:40:35.004071+03
24	Вино Кари Салути, Росато д'Италия / Cari Saluti, Rosato d'Italia, розовое сухое 0.75л	Cari Saluti, Rosato d'Italia — изящное итальянское розовое вино, которое стало популярным благодаря своему свежему вкусу и элегантному аромату. Оно отлично отражает характерные черты итальянского виноделия, сочетая в себе традиции и современные технологии. Изготовлено из отборных сортов красного винограда из северной Италии, культивируемых в теплом средиземноморском климате. Собирают урожай только вручную и проводят классическую винификацию для итальянских розовых вин. Cari Saluti, Rosato d'Italia идеально подходит к трапезе со свежими салатами, приготовленными на гриле, овощам и рыбе. Несмотря на высокое качество, это розато является относительно доступным и отличным выбором для ежедневного потребления. Особенно перфектно вино пьется в паре с сырами или салатами из морепродуктов.	149.00	Италия	0.75	8-10 °С	Свежий, фруктовый, сбалансированный вкус с нотками сочных красных ягод, как клубника и малина.	pink	dry	alcohol_images/vine/2025/02/05/vino-cari-saluti-rosato-ditalia-rozheve-suhe-075l.jpg	4	cari-saluti-rosato-ditalia-075	2025-06-20 18:40:35.004071+03
1	Вино Мишель Сервин, Руж / Michel Servin, Rouge, красное сухое 0.75л	Michel Servin, Rouge — насыщенное красное французское вино, которое увлекает своей яркой вкусо-ароматикой и станет отличным дополнением к любому праздничному столу. Изготовлено из отборного купажа Мерло, Гренаш и Кариньян, которые дарят насыщенный цвет и богатую вкусовую палитру. Жаркий средиземноморский климат вносит свои штрихи в формирование органолептических особенностей вина.	249.00	Франция	0.75	16-18 °С	Мягкий и округлый вкус с хорошо сбалансированными танинами, сладкими фруктами, пряностью специй и длинным, приятным финалом.	red	dry	alcohol_images/vine/2025/02/05/vino-michel-servin-rouge-chervone-suhe-075l.jpg	4	michel-servin-rouge-075	2025-06-20 18:40:35.004071+03
3	Вино Ле Гарриг, Мерло / Les Garrigues, Merlot, красное сухое 0.75л	Les Garrigues, Merlot — изысканное французское вино, идеально передающее характер сорта Мерло и терруар юга Франции. Происходит из региона Лангедок-Руссильон, известного своими солнечными виноградниками и уникальной природой, недалеко от каменистых пустырей с бедной растительностью. Виноградники расположены достаточно изолированно между Пиренеями и Средиземным морем с галечно-песчаными грунтами с отличными дренажными свойствами. Собранный урожай тщательно сортируют, ягоды отделяют от гребней. Винификация проходит традиционным методом для красных сухих вин и включает длительную мацерацию на кожуре. Les Garrigues, Merlot отлично подходит к блюдам из красного мяса, жареной птице, пасте с томатными соусами и сырам средней выдержки.	299.00	Франция	0.75	18-20 °С	Богатый, округлый, гармоничный вкус с высокой кислотностью, выразительными танинами, нотами красных ягод и пряных специй. Послевкусие долгое и сухое.	red	dry	alcohol_images/vine/2025/02/05/vino-les-garrigues-merlot-chervone-suhe-075l.jpg	4	les-garrigues-merlot-075	2025-06-20 18:40:35.004071+03
6	Вино Ле Гарриг, Сенсо Розе / Les Garrigues, Cinsault Rose, розовое сухое 0.75л	Les Garrigues, Cinsault Rose — французское розовое вино для тех, кто ценит качество, свежесть и элегантность. Это розато точно понравится как опытным сомелье, так и аматорам, только начинающим открывать для себя мир вин. Создано из отобранных ягод сорта Сенсо, придающих вину характерную яркость и выразительность, а сладкие нотки красных ягод прекрасно балансируют с легкой кислинкой. Плоды собирают только созревшими и отправляют на винодельню для винификации. Сок подвергают брожению с разными видами дрожжей при низкой контролируемой температуре. Les Garrigues, Cinsault Rose станет отличным дополнением к любому летнему дню или вечеру как аперитив или в паре с легкими салатами, морепродуктами и мясом на гриле.	299.00	Франция	0.75	8-10 °С	Округлый и живой, насыщенный и приятный вкус с длительным послевкусием с нотками красных фруктов.	pink	dry	alcohol_images/vine/2025/02/05/vino-les-garrigues-cinsault-rose-rozheve-suhe-075l.jpg	4	les-garrigues-cinsault-rose-075	2025-06-20 18:40:35.004071+03
9	Вино Колпассо, Неро д'Авола Аппасименто / Colpasso, Nero d'Avola Appassimento, The Wine People, красное сухое 0.75л	Colpasso, Nero d'Avola Appassimento — легендарное сицилийское вино, которое чтит древнюю греческую мифологию. Дизайн этикетки разработан в голубых тонах и изображает культ Диониса — бога виноделия и танца, а три фигуры в водовороте танца удачно дополняют эту идею. Изготовлено вино из отборочного сорта свежих и засушенных ягод Неро д’Авола, бережно собранных из участков между районами Джелла и Виттория.	465.00	Италия	0.75	16-18 °С	Насыщенный, хорошо сбалансированный вкус со зрелыми, шелковистыми танинами и длинным финалом.	red	dry	alcohol_images/vine/2025/02/05/vino-colpasso-nero-davola-appassimento-chervone-suhe-075l.jpg	4	colpasso-nero-davola-appassimento-the-wine-people-075	2025-06-20 18:40:35.004071+03
12	Вино Фраппато, Терре Сицилиане / Frappato, Terre Siciliane, Cortese Nostru, красное сухое 0.75л	Красное сухое вино Frappato, Terre Siciliane, Cortese Nostru происходит из региона Виттория на Сицилии, расположенного на высоте 400 м над уровнем моря. Изготовлено из 100% винограда сорта Фраппато, который является результатом собственной селекции виноделов и выращен на плодородных почвах виноградников бренда. Спелые гроздья собирают вручную в конце сентября, используя небольшие контейнеры по 15 кг для сохранения целостности и качества плодов.	525.00	Италия	0.75	16-18 °C.	Сбалансированный, с шелковисто-гладкими оттенками фруктов, свежестью и долгим, приятным послевкусием.	red	dry	alcohol_images/vine/2025/02/05/vino-frappato-terre-siciliane-cortese-nostru-chervone-suhe-075l.jpg	4	frappato-terre-siciliane-cortese-nostru-075	2025-06-20 18:40:35.004071+03
18	Вино Монополь, Бланко Секо / Monopole, Blanco Seco, CVNE, белое сухое 0.75л	Monopole, Blanco Seco, CVNE — аутентичное белое сухое вино из самым старым зарегистрированным названием в Испании. Изготовлено из сорта Макабео, собранного из собственных виноградников у Риоха Альта со свежими глинистыми почвами. Это испанское вино отличается от других вин Риохи своим молодым и свежим стилем благодаря технологии производства, предполагающей краткую выдержку в дубовых бочках.	455.00	Испания	0.75	10-12 °С	Чистый, тонкий, слегка сладкий вкус с приятной элегантной кислотностью и долгим послевкусием.	white	dry	alcohol_images/vine/2025/02/05/vino-monopole-blanco-seco-cvne-bile-suhe-075l.jpg	4	monopole-blanco-seco-cvne-075	2025-06-20 18:40:35.004071+03
19	Вино Апассионанте, Бьянко Венето / Appassionante, Bianco Veneto, Cielo e Terra, белое сухое 0.75л	Appassionante, Bianco Veneto, Cielo e Terra — чрезвычайно гастрономическое белое сухое вино на основе сорта Гарганега. Виноградные лозы культивируют в Венето, где достаточно прохладный климат способствует сохранению высокой кислотности и дарит вину уникальную свежесть. Собирают урожай вручную, затем отправляют на винодельню для прессования и ферментации в стальных резервуарах при контролируемой температуре. Потенциал выдержки вина составляет около двух-трех лет. Хорошая кислотность и минеральность делают Appassionante, Bianco Veneto, Cielo e Terra лучшим выбором для жарких летних дней и отличным компаньоном к любым закускам. Дополнительно отличное соотношение цены и качества покорит каждого ценителя белой сухой классики Венето.	399.00	Италия	0.75	8-10 °С	Пикантный, легкий, сочный вкус с оттенками свежих фруктов, белых цветов и длинным минеральным послевкусием.	white	dry	alcohol_images/vine/2025/02/05/vino-appassionante-bianco-veneto-cielo-e-terra-bile-suhe-075l.jpg	4	appassionante-bianco-veneto-cielo-e-terra-075	2025-06-20 18:40:35.004071+03
20	Вино Амареджи, Амароне делла Вальполичелла / Amaregi, Amarone della Valpolicella, Cielo e Terra, красное сухое 0.75л	Amaregi, Amarone della Valpolicella, Cielo e Terra — уникальное красное вино, отмеченное как супервенецианское, и созданное для празднования более века винодельческой деятельности. Изготовлено из сорта Корвина Веронезе, собранного из очень подходящих почв, с лучшими качествами, для повышения естественной подлинности виноградной лозы. Сбор урожая производят после достижения оптимального уровня спелости. Сама винификация проходит по древней местной технике «appassimento», когда ягоды подвяливают в специальных сушильных помещениях с постоянным контролем температуры и влажности. После ферментации вино выдерживают в больших дубовых бочках не менее 4 лет. Amaregi, Amarone della Valpolicella является одним из самых престижных вин Италии, которое ценится за свой насыщенный вкус, сложный аромат и длительний потенциал для выдержки.	1675.00	Италия	0.75	16-18 °С	Богатый, мягкий, шелковистый вкус с фруктово-пряными оттенками, бархатными танинами и длинным, гармоничным послевкусием.	red	dry	alcohol_images/vine/2025/02/05/vino-amaregi-amarone-della-valpolicella-chervone-suhe-075l.jpg	4	amaregi-amarone-della-valpolicella-cielo-e-terra-075	2025-06-20 18:40:35.004071+03
25	Вино Кари Салути, Пино Гриджио / Cari Saluti, Pinot Grigio, белое сухое 0.75л	Cari Saluti, Pinot Grigio — белое сухое вино, ставшее визитной карточкой многих итальянских винных регионов. Его свежий, фруктовый вкус и элегантный аромат покорили сердца любителей вина по всему миру. Изготовлено из отборных ягод Пино Гриджио, которые собирают по достижению оптимальной зрелости вручную. Процесс винификации проходит классическим способом для белых итальянских вин в резервуарах из нержавеющей стали при контролируемой температуре. Cari Saluti, Pinot Grigio прекрасно сочетается с разнообразными блюдами, от легких закусок до рыбы и морепродуктов. Это отличный выбор для тех, кто ценит легкие и свежие вина, а его нежный аромат и фруктовый вкус сделают любую трапезу особенной.	189.00	Италия	0.75	8-10 °С	Гармоничный, свежий, приятно хрустящий вкус с оттенками зеленого яблока, груши и цитрусовых.	white	dry	alcohol_images/vine/2025/02/05/vino-cari-saluti-pinot-grigio-bile-suhe-075l.jpg	4	cari-saluti-pinot-grigio-075	2025-06-20 18:40:35.004071+03
\.


--
-- TOC entry 5161 (class 0 OID 17230)
-- Dependencies: 262
-- Data for Name: main_vodka; Type: TABLE DATA; Schema: public; Owner: postgres
--

COPY public.main_vodka (id, name, description, price, country, strength, volume, serving_temperature, image, alcoholtype_id, slug, created_at) FROM stdin;
7	Водка Koskenkorva 0.5 л 40%	Koskenkorva Vodka – водка из финской деревни. Занимает первое место по объемам продаж в Финляндии (согласно исследованию IWSR`17 Finland). Классическая водка изготовлена только из двух ингредиентов: местного финского ячменя и чистейшей воды из подземных источников. Непрерывный процесс дистилляции делает эту водку к одной из самых мягких и чистых в мире.	216.00	Финляндия	40.00	0.50	-5...-18°C	alcohol_images/vodka/2025/02/05/vodka-koskenkorva-05-l-40.jpg	3	koskenkorva-05-40	2025-06-20 18:40:35.007165+03
5	Водка Belvedere Vodka 0.5 л 40%	Водка Belvedere кристально чистого, прозрачного цвета. Вкус водки округлый, с полнотелым текстурой, легкими нотами ванили и оттенками белого перца и специй. Аромат водки открывается едва заметным оттенком ванили и мягкими нюансами сливок. Подается охлажденной в чистом виде. также водка Belvedere отличается вкусом, в котором чувствуются сладкие нотки, поэтому ее часто используют для изготовления коктейлей.	566.00	Польша	40.00	0.80	3-6°C	alcohol_images/vodka/2025/02/05/vodka-belvedere-vodka-05-l-40.jpg	3	belvedere-vodka-05-40	2025-06-20 18:40:35.007165+03
4	Водка "Koskenkorva", 0.7 л	"Koskenkorva" — классическая финская водка, которая производится из отборного ячменя и местной родниковой воды. Водка проходит многократную дистилляцию, благодаря чему она приобретает мягкий, гармоничный вкус с легкими лакричными нюансами.	288.00	Финляндия	40.00	0.70	3-6°C	alcohol_images/vodka/2025/02/05/vodka-koskenkorva-07-l.jpg	3	koskenkorva-07	2025-06-20 18:40:35.007165+03
2	Водка "Koskenkorva", 1 л	"Koskenkorva" — классическая финская водка, которая производится из отборного ячменя и местной родниковой воды. Водка проходит многократную дистилляцию, благодаря чему она приобретает мягкий, гармоничный вкус с легкими лакричными нюансами.	375.00	Финляндия	40.00	1.00	4-8°C	alcohol_images/vodka/2025/02/05/vodka-koskenkorva-1-l.jpg	3	koskenkorva-1	2025-06-20 18:40:35.007165+03
1	Водка "Koskenkorva", 0.5 л	"Koskenkorva" — классическая финская водка, которая производится из отборного ячменя и местной родниковой воды. Водка проходит многократную дистилляцию, благодаря чему она приобретает мягкий, гармоничный вкус с легкими лакричными нюансами.	216.00	Финляндия	40.00	0.50	4-8°C	alcohol_images/vodka/2025/02/05/vodka-koskenkorva-05-l.jpg	3	koskenkorva-05	2025-06-20 18:40:35.007165+03
14	Водка Polugar Single Malt Rye , gift box 0,7 л	Мощная водка которая сносит башню просто от запаха	4417.00	Украина	38.50	0.70	-5...-18°C	alcohol_images/vodka/2025/02/05/vodka-polugar-single-malt-rye--gift-box-07-l.jpg	3	polugar-single-malt-rye-gift-box-07	2025-06-20 18:40:35.007165+03
13	Водка Glen's Vodka 0,7 л	Обалденная водочка которая вставляет с полуоборота	237.00	Украина	40.00	0.70	-5...-18°C	alcohol_images/vodka/2025/02/05/vodka-glens-vodka-07-l.jpg	3	glens-vodka-07	2025-06-20 18:40:35.007165+03
12	Водка Glen's Vodka 1 л	Обалденная водочка которая вставляет с полуоборота	323.00	Украина	40.00	1.00	-5...-18°C	alcohol_images/vodka/2025/02/05/vodka-glens-vodka-1-l.jpg	3	glens-vodka-1	2025-06-20 18:40:35.007165+03
11	Водка Stolichnaya Elit 0.7 л 40%	Мощная водочка, которая вставляет с полуоборота	1070.00	Украина	40.00	0.70	-5...-18°C	alcohol_images/vodka/2025/02/05/vodka-stolichnaya-elit-07-l-40.webp	3	stolichnaya-elit-07-40	2025-06-20 18:40:35.007165+03
10	Водка "Koskenkorva" Minttu, 0.5 л	"Koskenkorva" — классическая финская водка, которая производится из отборного ячменя и местной родниковой воды. Водка проходит многократную дистилляцию, благодаря чему она приобретает мягкий, гармоничный вкус с легкими лакричными нюансами.	216.00	Финляндия	40.00	0.50	4-8°C	alcohol_images/vodka/2025/02/05/vodka-koskenkorva-minttu-05-l.webp	3	koskenkorva-minttu-05	2025-06-20 18:40:35.007165+03
9	Водка Koskenkorva 1 л 40%	Koskenkorva Vodka – водка из финской деревни. Занимает первое место по объемам продаж в Финляндии (согласно исследованию IWSR`17 Finland). Классическая водка изготовлена только из двух ингредиентов: местного финского ячменя и чистейшей воды из подземных источников. Непрерывный процесс дистилляции делает эту водку к одной из самых мягких и чистых в мире.	375.00	Финляндия	40.00	1.00	-5...-18°C	alcohol_images/vodka/2025/02/05/vodka-koskenkorva-1-l-40.webp	3	koskenkorva-1-40	2025-06-20 18:40:35.007165+03
8	Водка Koskenkorva 0.7 л 40%	Koskenkorva Vodka – водка из финской деревни. Занимает первое место по объемам продаж в Финляндии (согласно исследованию IWSR`17 Finland). Классическая водка изготовлена только из двух ингредиентов: местного финского ячменя и чистейшей воды из подземных источников. Непрерывный процесс дистилляции делает эту водку к одной из самых мягких и чистых в мире.	288.00	Финляндия	40.00	0.70	-5...-18°C	alcohol_images/vodka/2025/02/05/vodka-koskenkorva-07-l-40.jpg	3	koskenkorva-07-40	2025-06-20 18:40:35.007165+03
6	Водка "Belvedere", 0.7 л	Знаменитая польская водка "Belvedere" супер-премиум класса представляет собой вершину творения польских мастеров, которые свято чтят свои традиции. Для производства используется отборная рожь сорта Dankowskie (именно она придает напитку ни с чем несравнимый мягкий вкус), которую выращивают на равнинах Мазовии и кристально чистая вода из собственных артезианских скважин компании, которая проходит 11 степеней очистки.\r\nПроцесс четырехкратной дистилляции, который проходит водка "Бельведер", позволяет создать идеальный баланс характера и чистоты и получить продукцию высочайшего качества, способную конкурировать с самыми известными мировыми производителями. Как и первоклассные вина и коньяки, водка Бельведер запечатана настоящей пробкой, а в продажу поступает в эксклюзивно оформленных бутылках.	780.00	Польша	40.00	0.70	3-6°C	alcohol_images/vodka/2025/02/05/vodka-belvedere-07-l.jpg	3	belvedere-07	2025-06-20 18:40:35.007165+03
3	Водка "Belvedere", 0.5 л	Знаменитая польская водка "Belvedere" супер-премиум класса представляет собой вершину творения польских мастеров, которые свято чтят свои традиции. Для производства используется отборная рожь сорта Dankowskie (именно она придает напитку ни с чем несравнимый мягкий вкус), которую выращивают на равнинах Мазовии и кристально чистая вода из собственных артезианских скважин компании, которая проходит 11 степеней очистки.\r\nПроцесс четырехкратной дистилляции, который проходит водка "Бельведер", позволяет создать идеальный баланс характера и чистоты и получить продукцию высочайшего качества, способную конкурировать с самыми известными мировыми производителями. Как и первоклассные вина и коньяки, водка Бельведер запечатана настоящей пробкой, а в продажу поступает в эксклюзивно оформленных бутылках.	566.00	Польша	40.00	0.50	3-6°C	alcohol_images/vodka/2025/02/05/vodka-belvedere-05-l.jpg	3	belvedere-05	2025-06-20 18:40:35.007165+03
\.


--
-- TOC entry 5180 (class 0 OID 0)
-- Dependencies: 229
-- Name: account_customuser_following_id_seq; Type: SEQUENCE SET; Schema: public; Owner: postgres
--

SELECT pg_catalog.setval('public.account_customuser_following_id_seq', 52, true);


--
-- TOC entry 5181 (class 0 OID 0)
-- Dependencies: 231
-- Name: account_customuser_friends_id_seq; Type: SEQUENCE SET; Schema: public; Owner: postgres
--

SELECT pg_catalog.setval('public.account_customuser_friends_id_seq', 146, true);


--
-- TOC entry 5182 (class 0 OID 0)
-- Dependencies: 233
-- Name: account_customuser_groups_id_seq; Type: SEQUENCE SET; Schema: public; Owner: postgres
--

SELECT pg_catalog.setval('public.account_customuser_groups_id_seq', 1, false);


--
-- TOC entry 5183 (class 0 OID 0)
-- Dependencies: 227
-- Name: account_customuser_id_seq; Type: SEQUENCE SET; Schema: public; Owner: postgres
--

SELECT pg_catalog.setval('public.account_customuser_id_seq', 33, true);


--
-- TOC entry 5184 (class 0 OID 0)
-- Dependencies: 264
-- Name: account_customuser_ignored_requests_id_seq; Type: SEQUENCE SET; Schema: public; Owner: postgres
--

SELECT pg_catalog.setval('public.account_customuser_ignored_requests_id_seq', 4, true);


--
-- TOC entry 5185 (class 0 OID 0)
-- Dependencies: 235
-- Name: account_customuser_user_permissions_id_seq; Type: SEQUENCE SET; Schema: public; Owner: postgres
--

SELECT pg_catalog.setval('public.account_customuser_user_permissions_id_seq', 1, false);


--
-- TOC entry 5186 (class 0 OID 0)
-- Dependencies: 237
-- Name: account_newsfeed_id_seq; Type: SEQUENCE SET; Schema: public; Owner: postgres
--

SELECT pg_catalog.setval('public.account_newsfeed_id_seq', 3, true);


--
-- TOC entry 5187 (class 0 OID 0)
-- Dependencies: 239
-- Name: account_newsfeedcomments_id_seq; Type: SEQUENCE SET; Schema: public; Owner: postgres
--

SELECT pg_catalog.setval('public.account_newsfeedcomments_id_seq', 50, true);


--
-- TOC entry 5188 (class 0 OID 0)
-- Dependencies: 223
-- Name: auth_group_id_seq; Type: SEQUENCE SET; Schema: public; Owner: postgres
--

SELECT pg_catalog.setval('public.auth_group_id_seq', 1, false);


--
-- TOC entry 5189 (class 0 OID 0)
-- Dependencies: 225
-- Name: auth_group_permissions_id_seq; Type: SEQUENCE SET; Schema: public; Owner: postgres
--

SELECT pg_catalog.setval('public.auth_group_permissions_id_seq', 1, false);


--
-- TOC entry 5190 (class 0 OID 0)
-- Dependencies: 221
-- Name: auth_permission_id_seq; Type: SEQUENCE SET; Schema: public; Owner: postgres
--

SELECT pg_catalog.setval('public.auth_permission_id_seq', 88, true);


--
-- TOC entry 5191 (class 0 OID 0)
-- Dependencies: 268
-- Name: chat_attachment_id_seq; Type: SEQUENCE SET; Schema: public; Owner: postgres
--

SELECT pg_catalog.setval('public.chat_attachment_id_seq', 16, true);


--
-- TOC entry 5192 (class 0 OID 0)
-- Dependencies: 266
-- Name: chat_chat_admins_id_seq; Type: SEQUENCE SET; Schema: public; Owner: postgres
--

SELECT pg_catalog.setval('public.chat_chat_admins_id_seq', 9, true);


--
-- TOC entry 5193 (class 0 OID 0)
-- Dependencies: 243
-- Name: chat_chat_id_seq; Type: SEQUENCE SET; Schema: public; Owner: postgres
--

SELECT pg_catalog.setval('public.chat_chat_id_seq', 34, true);


--
-- TOC entry 5194 (class 0 OID 0)
-- Dependencies: 245
-- Name: chat_chat_participants_id_seq; Type: SEQUENCE SET; Schema: public; Owner: postgres
--

SELECT pg_catalog.setval('public.chat_chat_participants_id_seq', 70, true);


--
-- TOC entry 5195 (class 0 OID 0)
-- Dependencies: 270
-- Name: chat_hiddenchat_id_seq; Type: SEQUENCE SET; Schema: public; Owner: postgres
--

SELECT pg_catalog.setval('public.chat_hiddenchat_id_seq', 2, true);


--
-- TOC entry 5196 (class 0 OID 0)
-- Dependencies: 247
-- Name: chat_message_id_seq; Type: SEQUENCE SET; Schema: public; Owner: postgres
--

SELECT pg_catalog.setval('public.chat_message_id_seq', 66, true);


--
-- TOC entry 5197 (class 0 OID 0)
-- Dependencies: 241
-- Name: django_admin_log_id_seq; Type: SEQUENCE SET; Schema: public; Owner: postgres
--

SELECT pg_catalog.setval('public.django_admin_log_id_seq', 388, true);


--
-- TOC entry 5198 (class 0 OID 0)
-- Dependencies: 219
-- Name: django_content_type_id_seq; Type: SEQUENCE SET; Schema: public; Owner: postgres
--

SELECT pg_catalog.setval('public.django_content_type_id_seq', 22, true);


--
-- TOC entry 5199 (class 0 OID 0)
-- Dependencies: 217
-- Name: django_migrations_id_seq; Type: SEQUENCE SET; Schema: public; Owner: postgres
--

SELECT pg_catalog.setval('public.django_migrations_id_seq', 36, true);


--
-- TOC entry 5200 (class 0 OID 0)
-- Dependencies: 249
-- Name: main_alcoholtype_id_seq; Type: SEQUENCE SET; Schema: public; Owner: postgres
--

SELECT pg_catalog.setval('public.main_alcoholtype_id_seq', 4, true);


--
-- TOC entry 5201 (class 0 OID 0)
-- Dependencies: 251
-- Name: main_beer_id_seq; Type: SEQUENCE SET; Schema: public; Owner: postgres
--

SELECT pg_catalog.setval('public.main_beer_id_seq', 20, true);


--
-- TOC entry 5202 (class 0 OID 0)
-- Dependencies: 253
-- Name: main_cognak_id_seq; Type: SEQUENCE SET; Schema: public; Owner: postgres
--

SELECT pg_catalog.setval('public.main_cognak_id_seq', 26, true);


--
-- TOC entry 5203 (class 0 OID 0)
-- Dependencies: 272
-- Name: main_order_id_seq; Type: SEQUENCE SET; Schema: public; Owner: postgres
--

SELECT pg_catalog.setval('public.main_order_id_seq', 9, true);


--
-- TOC entry 5204 (class 0 OID 0)
-- Dependencies: 274
-- Name: main_orderitem_id_seq; Type: SEQUENCE SET; Schema: public; Owner: postgres
--

SELECT pg_catalog.setval('public.main_orderitem_id_seq', 42, true);


--
-- TOC entry 5205 (class 0 OID 0)
-- Dependencies: 255
-- Name: main_purchasehistory_id_seq; Type: SEQUENCE SET; Schema: public; Owner: postgres
--

SELECT pg_catalog.setval('public.main_purchasehistory_id_seq', 1, false);


--
-- TOC entry 5206 (class 0 OID 0)
-- Dependencies: 257
-- Name: main_reviews_id_seq; Type: SEQUENCE SET; Schema: public; Owner: postgres
--

SELECT pg_catalog.setval('public.main_reviews_id_seq', 51, true);


--
-- TOC entry 5207 (class 0 OID 0)
-- Dependencies: 259
-- Name: main_vine_id_seq; Type: SEQUENCE SET; Schema: public; Owner: postgres
--

SELECT pg_catalog.setval('public.main_vine_id_seq', 27, true);


--
-- TOC entry 5208 (class 0 OID 0)
-- Dependencies: 261
-- Name: main_vodka_id_seq; Type: SEQUENCE SET; Schema: public; Owner: postgres
--

SELECT pg_catalog.setval('public.main_vodka_id_seq', 14, true);


--
-- TOC entry 4816 (class 2606 OID 17346)
-- Name: account_customuser account_customuser_email_key; Type: CONSTRAINT; Schema: public; Owner: postgres
--

ALTER TABLE ONLY public.account_customuser
    ADD CONSTRAINT account_customuser_email_key UNIQUE (email);


--
-- TOC entry 4823 (class 2606 OID 17027)
-- Name: account_customuser_following account_customuser_follo_from_customuser_id_to_cu_d86f9fb0_uniq; Type: CONSTRAINT; Schema: public; Owner: postgres
--

ALTER TABLE ONLY public.account_customuser_following
    ADD CONSTRAINT account_customuser_follo_from_customuser_id_to_cu_d86f9fb0_uniq UNIQUE (from_customuser_id, to_customuser_id);


--
-- TOC entry 4826 (class 2606 OID 16988)
-- Name: account_customuser_following account_customuser_following_pkey; Type: CONSTRAINT; Schema: public; Owner: postgres
--

ALTER TABLE ONLY public.account_customuser_following
    ADD CONSTRAINT account_customuser_following_pkey PRIMARY KEY (id);


--
-- TOC entry 4829 (class 2606 OID 17041)
-- Name: account_customuser_friends account_customuser_frien_from_customuser_id_to_cu_c0f2b2ff_uniq; Type: CONSTRAINT; Schema: public; Owner: postgres
--

ALTER TABLE ONLY public.account_customuser_friends
    ADD CONSTRAINT account_customuser_frien_from_customuser_id_to_cu_c0f2b2ff_uniq UNIQUE (from_customuser_id, to_customuser_id);


--
-- TOC entry 4832 (class 2606 OID 16994)
-- Name: account_customuser_friends account_customuser_friends_pkey; Type: CONSTRAINT; Schema: public; Owner: postgres
--

ALTER TABLE ONLY public.account_customuser_friends
    ADD CONSTRAINT account_customuser_friends_pkey PRIMARY KEY (id);


--
-- TOC entry 4836 (class 2606 OID 17055)
-- Name: account_customuser_groups account_customuser_groups_customuser_id_group_id_7e51db7b_uniq; Type: CONSTRAINT; Schema: public; Owner: postgres
--

ALTER TABLE ONLY public.account_customuser_groups
    ADD CONSTRAINT account_customuser_groups_customuser_id_group_id_7e51db7b_uniq UNIQUE (customuser_id, group_id);


--
-- TOC entry 4839 (class 2606 OID 17000)
-- Name: account_customuser_groups account_customuser_groups_pkey; Type: CONSTRAINT; Schema: public; Owner: postgres
--

ALTER TABLE ONLY public.account_customuser_groups
    ADD CONSTRAINT account_customuser_groups_pkey PRIMARY KEY (id);


--
-- TOC entry 4905 (class 2606 OID 17381)
-- Name: account_customuser_ignored_requests account_customuser_ignor_from_customuser_id_to_cu_c5dfce8e_uniq; Type: CONSTRAINT; Schema: public; Owner: postgres
--

ALTER TABLE ONLY public.account_customuser_ignored_requests
    ADD CONSTRAINT account_customuser_ignor_from_customuser_id_to_cu_c5dfce8e_uniq UNIQUE (from_customuser_id, to_customuser_id);


--
-- TOC entry 4908 (class 2606 OID 17369)
-- Name: account_customuser_ignored_requests account_customuser_ignored_requests_pkey; Type: CONSTRAINT; Schema: public; Owner: postgres
--

ALTER TABLE ONLY public.account_customuser_ignored_requests
    ADD CONSTRAINT account_customuser_ignored_requests_pkey PRIMARY KEY (id);


--
-- TOC entry 4819 (class 2606 OID 16980)
-- Name: account_customuser account_customuser_nickname_key; Type: CONSTRAINT; Schema: public; Owner: postgres
--

ALTER TABLE ONLY public.account_customuser
    ADD CONSTRAINT account_customuser_nickname_key UNIQUE (nickname);


--
-- TOC entry 4821 (class 2606 OID 16976)
-- Name: account_customuser account_customuser_pkey; Type: CONSTRAINT; Schema: public; Owner: postgres
--

ALTER TABLE ONLY public.account_customuser
    ADD CONSTRAINT account_customuser_pkey PRIMARY KEY (id);


--
-- TOC entry 4841 (class 2606 OID 17069)
-- Name: account_customuser_user_permissions account_customuser_user__customuser_id_permission_650e378f_uniq; Type: CONSTRAINT; Schema: public; Owner: postgres
--

ALTER TABLE ONLY public.account_customuser_user_permissions
    ADD CONSTRAINT account_customuser_user__customuser_id_permission_650e378f_uniq UNIQUE (customuser_id, permission_id);


--
-- TOC entry 4845 (class 2606 OID 17006)
-- Name: account_customuser_user_permissions account_customuser_user_permissions_pkey; Type: CONSTRAINT; Schema: public; Owner: postgres
--

ALTER TABLE ONLY public.account_customuser_user_permissions
    ADD CONSTRAINT account_customuser_user_permissions_pkey PRIMARY KEY (id);


--
-- TOC entry 4847 (class 2606 OID 17014)
-- Name: account_newsfeed account_newsfeed_pkey; Type: CONSTRAINT; Schema: public; Owner: postgres
--

ALTER TABLE ONLY public.account_newsfeed
    ADD CONSTRAINT account_newsfeed_pkey PRIMARY KEY (id);


--
-- TOC entry 4851 (class 2606 OID 17022)
-- Name: account_newsfeedcomments account_newsfeedcomments_pkey; Type: CONSTRAINT; Schema: public; Owner: postgres
--

ALTER TABLE ONLY public.account_newsfeedcomments
    ADD CONSTRAINT account_newsfeedcomments_pkey PRIMARY KEY (id);


--
-- TOC entry 4805 (class 2606 OID 16967)
-- Name: auth_group auth_group_name_key; Type: CONSTRAINT; Schema: public; Owner: postgres
--

ALTER TABLE ONLY public.auth_group
    ADD CONSTRAINT auth_group_name_key UNIQUE (name);


--
-- TOC entry 4810 (class 2606 OID 16953)
-- Name: auth_group_permissions auth_group_permissions_group_id_permission_id_0cd325b0_uniq; Type: CONSTRAINT; Schema: public; Owner: postgres
--

ALTER TABLE ONLY public.auth_group_permissions
    ADD CONSTRAINT auth_group_permissions_group_id_permission_id_0cd325b0_uniq UNIQUE (group_id, permission_id);


--
-- TOC entry 4813 (class 2606 OID 16942)
-- Name: auth_group_permissions auth_group_permissions_pkey; Type: CONSTRAINT; Schema: public; Owner: postgres
--

ALTER TABLE ONLY public.auth_group_permissions
    ADD CONSTRAINT auth_group_permissions_pkey PRIMARY KEY (id);


--
-- TOC entry 4807 (class 2606 OID 16934)
-- Name: auth_group auth_group_pkey; Type: CONSTRAINT; Schema: public; Owner: postgres
--

ALTER TABLE ONLY public.auth_group
    ADD CONSTRAINT auth_group_pkey PRIMARY KEY (id);


--
-- TOC entry 4800 (class 2606 OID 16944)
-- Name: auth_permission auth_permission_content_type_id_codename_01ab375a_uniq; Type: CONSTRAINT; Schema: public; Owner: postgres
--

ALTER TABLE ONLY public.auth_permission
    ADD CONSTRAINT auth_permission_content_type_id_codename_01ab375a_uniq UNIQUE (content_type_id, codename);


--
-- TOC entry 4802 (class 2606 OID 16928)
-- Name: auth_permission auth_permission_pkey; Type: CONSTRAINT; Schema: public; Owner: postgres
--

ALTER TABLE ONLY public.auth_permission
    ADD CONSTRAINT auth_permission_pkey PRIMARY KEY (id);


--
-- TOC entry 4918 (class 2606 OID 17458)
-- Name: chat_attachment chat_attachment_pkey; Type: CONSTRAINT; Schema: public; Owner: postgres
--

ALTER TABLE ONLY public.chat_attachment
    ADD CONSTRAINT chat_attachment_pkey PRIMARY KEY (id);


--
-- TOC entry 4911 (class 2606 OID 17439)
-- Name: chat_chat_admins chat_chat_admins_chat_id_customuser_id_82e9b4a0_uniq; Type: CONSTRAINT; Schema: public; Owner: postgres
--

ALTER TABLE ONLY public.chat_chat_admins
    ADD CONSTRAINT chat_chat_admins_chat_id_customuser_id_82e9b4a0_uniq UNIQUE (chat_id, customuser_id);


--
-- TOC entry 4915 (class 2606 OID 17432)
-- Name: chat_chat_admins chat_chat_admins_pkey; Type: CONSTRAINT; Schema: public; Owner: postgres
--

ALTER TABLE ONLY public.chat_chat_admins
    ADD CONSTRAINT chat_chat_admins_pkey PRIMARY KEY (id);


--
-- TOC entry 4862 (class 2606 OID 17147)
-- Name: chat_chat_participants chat_chat_participants_chat_id_customuser_id_9c05222d_uniq; Type: CONSTRAINT; Schema: public; Owner: postgres
--

ALTER TABLE ONLY public.chat_chat_participants
    ADD CONSTRAINT chat_chat_participants_chat_id_customuser_id_9c05222d_uniq UNIQUE (chat_id, customuser_id);


--
-- TOC entry 4865 (class 2606 OID 17137)
-- Name: chat_chat_participants chat_chat_participants_pkey; Type: CONSTRAINT; Schema: public; Owner: postgres
--

ALTER TABLE ONLY public.chat_chat_participants
    ADD CONSTRAINT chat_chat_participants_pkey PRIMARY KEY (id);


--
-- TOC entry 4859 (class 2606 OID 17131)
-- Name: chat_chat chat_chat_pkey; Type: CONSTRAINT; Schema: public; Owner: postgres
--

ALTER TABLE ONLY public.chat_chat
    ADD CONSTRAINT chat_chat_pkey PRIMARY KEY (id);


--
-- TOC entry 4921 (class 2606 OID 17470)
-- Name: chat_hiddenchat chat_hiddenchat_pkey; Type: CONSTRAINT; Schema: public; Owner: postgres
--

ALTER TABLE ONLY public.chat_hiddenchat
    ADD CONSTRAINT chat_hiddenchat_pkey PRIMARY KEY (id);


--
-- TOC entry 4924 (class 2606 OID 17472)
-- Name: chat_hiddenchat chat_hiddenchat_user_id_chat_id_83462bd6_uniq; Type: CONSTRAINT; Schema: public; Owner: postgres
--

ALTER TABLE ONLY public.chat_hiddenchat
    ADD CONSTRAINT chat_hiddenchat_user_id_chat_id_83462bd6_uniq UNIQUE (user_id, chat_id);


--
-- TOC entry 4868 (class 2606 OID 17145)
-- Name: chat_message chat_message_pkey; Type: CONSTRAINT; Schema: public; Owner: postgres
--

ALTER TABLE ONLY public.chat_message
    ADD CONSTRAINT chat_message_pkey PRIMARY KEY (id);


--
-- TOC entry 4855 (class 2606 OID 17113)
-- Name: django_admin_log django_admin_log_pkey; Type: CONSTRAINT; Schema: public; Owner: postgres
--

ALTER TABLE ONLY public.django_admin_log
    ADD CONSTRAINT django_admin_log_pkey PRIMARY KEY (id);


--
-- TOC entry 4795 (class 2606 OID 16922)
-- Name: django_content_type django_content_type_app_label_model_76bd3d3b_uniq; Type: CONSTRAINT; Schema: public; Owner: postgres
--

ALTER TABLE ONLY public.django_content_type
    ADD CONSTRAINT django_content_type_app_label_model_76bd3d3b_uniq UNIQUE (app_label, model);


--
-- TOC entry 4797 (class 2606 OID 16920)
-- Name: django_content_type django_content_type_pkey; Type: CONSTRAINT; Schema: public; Owner: postgres
--

ALTER TABLE ONLY public.django_content_type
    ADD CONSTRAINT django_content_type_pkey PRIMARY KEY (id);


--
-- TOC entry 4793 (class 2606 OID 16914)
-- Name: django_migrations django_migrations_pkey; Type: CONSTRAINT; Schema: public; Owner: postgres
--

ALTER TABLE ONLY public.django_migrations
    ADD CONSTRAINT django_migrations_pkey PRIMARY KEY (id);


--
-- TOC entry 4902 (class 2606 OID 17303)
-- Name: django_session django_session_pkey; Type: CONSTRAINT; Schema: public; Owner: postgres
--

ALTER TABLE ONLY public.django_session
    ADD CONSTRAINT django_session_pkey PRIMARY KEY (session_key);


--
-- TOC entry 4871 (class 2606 OID 17179)
-- Name: main_alcoholtype main_alcoholtype_pkey; Type: CONSTRAINT; Schema: public; Owner: postgres
--

ALTER TABLE ONLY public.main_alcoholtype
    ADD CONSTRAINT main_alcoholtype_pkey PRIMARY KEY (id);


--
-- TOC entry 4874 (class 2606 OID 17195)
-- Name: main_beer main_beer_pkey; Type: CONSTRAINT; Schema: public; Owner: postgres
--

ALTER TABLE ONLY public.main_beer
    ADD CONSTRAINT main_beer_pkey PRIMARY KEY (id);


--
-- TOC entry 4879 (class 2606 OID 17203)
-- Name: main_cognak main_cognak_pkey; Type: CONSTRAINT; Schema: public; Owner: postgres
--

ALTER TABLE ONLY public.main_cognak
    ADD CONSTRAINT main_cognak_pkey PRIMARY KEY (id);


--
-- TOC entry 4926 (class 2606 OID 17495)
-- Name: main_order main_order_pkey; Type: CONSTRAINT; Schema: public; Owner: postgres
--

ALTER TABLE ONLY public.main_order
    ADD CONSTRAINT main_order_pkey PRIMARY KEY (id);


--
-- TOC entry 4931 (class 2606 OID 17503)
-- Name: main_orderitem main_orderitem_pkey; Type: CONSTRAINT; Schema: public; Owner: postgres
--

ALTER TABLE ONLY public.main_orderitem
    ADD CONSTRAINT main_orderitem_pkey PRIMARY KEY (id);


--
-- TOC entry 4884 (class 2606 OID 17211)
-- Name: main_purchasehistory main_purchasehistory_pkey; Type: CONSTRAINT; Schema: public; Owner: postgres
--

ALTER TABLE ONLY public.main_purchasehistory
    ADD CONSTRAINT main_purchasehistory_pkey PRIMARY KEY (id);


--
-- TOC entry 4889 (class 2606 OID 17220)
-- Name: main_reviews main_reviews_pkey; Type: CONSTRAINT; Schema: public; Owner: postgres
--

ALTER TABLE ONLY public.main_reviews
    ADD CONSTRAINT main_reviews_pkey PRIMARY KEY (id);


--
-- TOC entry 4892 (class 2606 OID 17228)
-- Name: main_vine main_vine_pkey; Type: CONSTRAINT; Schema: public; Owner: postgres
--

ALTER TABLE ONLY public.main_vine
    ADD CONSTRAINT main_vine_pkey PRIMARY KEY (id);


--
-- TOC entry 4897 (class 2606 OID 17236)
-- Name: main_vodka main_vodka_pkey; Type: CONSTRAINT; Schema: public; Owner: postgres
--

ALTER TABLE ONLY public.main_vodka
    ADD CONSTRAINT main_vodka_pkey PRIMARY KEY (id);


--
-- TOC entry 4814 (class 1259 OID 17347)
-- Name: account_customuser_email_a15d8618_like; Type: INDEX; Schema: public; Owner: postgres
--

CREATE INDEX account_customuser_email_a15d8618_like ON public.account_customuser USING btree (email varchar_pattern_ops);


--
-- TOC entry 4824 (class 1259 OID 17038)
-- Name: account_customuser_following_from_customuser_id_d7577f03; Type: INDEX; Schema: public; Owner: postgres
--

CREATE INDEX account_customuser_following_from_customuser_id_d7577f03 ON public.account_customuser_following USING btree (from_customuser_id);


--
-- TOC entry 4827 (class 1259 OID 17039)
-- Name: account_customuser_following_to_customuser_id_9407e28c; Type: INDEX; Schema: public; Owner: postgres
--

CREATE INDEX account_customuser_following_to_customuser_id_9407e28c ON public.account_customuser_following USING btree (to_customuser_id);


--
-- TOC entry 4830 (class 1259 OID 17052)
-- Name: account_customuser_friends_from_customuser_id_b5151516; Type: INDEX; Schema: public; Owner: postgres
--

CREATE INDEX account_customuser_friends_from_customuser_id_b5151516 ON public.account_customuser_friends USING btree (from_customuser_id);


--
-- TOC entry 4833 (class 1259 OID 17053)
-- Name: account_customuser_friends_to_customuser_id_2fc5fc6b; Type: INDEX; Schema: public; Owner: postgres
--

CREATE INDEX account_customuser_friends_to_customuser_id_2fc5fc6b ON public.account_customuser_friends USING btree (to_customuser_id);


--
-- TOC entry 4834 (class 1259 OID 17066)
-- Name: account_customuser_groups_customuser_id_b6c60904; Type: INDEX; Schema: public; Owner: postgres
--

CREATE INDEX account_customuser_groups_customuser_id_b6c60904 ON public.account_customuser_groups USING btree (customuser_id);


--
-- TOC entry 4837 (class 1259 OID 17067)
-- Name: account_customuser_groups_group_id_2be9f6d7; Type: INDEX; Schema: public; Owner: postgres
--

CREATE INDEX account_customuser_groups_group_id_2be9f6d7 ON public.account_customuser_groups USING btree (group_id);


--
-- TOC entry 4906 (class 1259 OID 17392)
-- Name: account_customuser_ignored_requests_from_customuser_id_d7694d46; Type: INDEX; Schema: public; Owner: postgres
--

CREATE INDEX account_customuser_ignored_requests_from_customuser_id_d7694d46 ON public.account_customuser_ignored_requests USING btree (from_customuser_id);


--
-- TOC entry 4909 (class 1259 OID 17393)
-- Name: account_customuser_ignored_requests_to_customuser_id_d0678ba8; Type: INDEX; Schema: public; Owner: postgres
--

CREATE INDEX account_customuser_ignored_requests_to_customuser_id_d0678ba8 ON public.account_customuser_ignored_requests USING btree (to_customuser_id);


--
-- TOC entry 4817 (class 1259 OID 17024)
-- Name: account_customuser_nickname_4ba9d589_like; Type: INDEX; Schema: public; Owner: postgres
--

CREATE INDEX account_customuser_nickname_4ba9d589_like ON public.account_customuser USING btree (nickname varchar_pattern_ops);


--
-- TOC entry 4842 (class 1259 OID 17080)
-- Name: account_customuser_user_permissions_customuser_id_03bcc114; Type: INDEX; Schema: public; Owner: postgres
--

CREATE INDEX account_customuser_user_permissions_customuser_id_03bcc114 ON public.account_customuser_user_permissions USING btree (customuser_id);


--
-- TOC entry 4843 (class 1259 OID 17081)
-- Name: account_customuser_user_permissions_permission_id_f4aec423; Type: INDEX; Schema: public; Owner: postgres
--

CREATE INDEX account_customuser_user_permissions_permission_id_f4aec423 ON public.account_customuser_user_permissions USING btree (permission_id);


--
-- TOC entry 4848 (class 1259 OID 17087)
-- Name: account_newsfeed_profile_id_d57217d1; Type: INDEX; Schema: public; Owner: postgres
--

CREATE INDEX account_newsfeed_profile_id_d57217d1 ON public.account_newsfeed USING btree (profile_id);


--
-- TOC entry 4849 (class 1259 OID 17098)
-- Name: account_newsfeedcomments_chat_id_c4f8d140; Type: INDEX; Schema: public; Owner: postgres
--

CREATE INDEX account_newsfeedcomments_chat_id_c4f8d140 ON public.account_newsfeedcomments USING btree (newsfeed_id);


--
-- TOC entry 4852 (class 1259 OID 17099)
-- Name: account_newsfeedcomments_profile_id_ae488c93; Type: INDEX; Schema: public; Owner: postgres
--

CREATE INDEX account_newsfeedcomments_profile_id_ae488c93 ON public.account_newsfeedcomments USING btree (profile_id);


--
-- TOC entry 4803 (class 1259 OID 16968)
-- Name: auth_group_name_a6ea08ec_like; Type: INDEX; Schema: public; Owner: postgres
--

CREATE INDEX auth_group_name_a6ea08ec_like ON public.auth_group USING btree (name varchar_pattern_ops);


--
-- TOC entry 4808 (class 1259 OID 16964)
-- Name: auth_group_permissions_group_id_b120cbf9; Type: INDEX; Schema: public; Owner: postgres
--

CREATE INDEX auth_group_permissions_group_id_b120cbf9 ON public.auth_group_permissions USING btree (group_id);


--
-- TOC entry 4811 (class 1259 OID 16965)
-- Name: auth_group_permissions_permission_id_84c5c92e; Type: INDEX; Schema: public; Owner: postgres
--

CREATE INDEX auth_group_permissions_permission_id_84c5c92e ON public.auth_group_permissions USING btree (permission_id);


--
-- TOC entry 4798 (class 1259 OID 16950)
-- Name: auth_permission_content_type_id_2f476e4b; Type: INDEX; Schema: public; Owner: postgres
--

CREATE INDEX auth_permission_content_type_id_2f476e4b ON public.auth_permission USING btree (content_type_id);


--
-- TOC entry 4916 (class 1259 OID 17464)
-- Name: chat_attachment_message_id_bca6b8de; Type: INDEX; Schema: public; Owner: postgres
--

CREATE INDEX chat_attachment_message_id_bca6b8de ON public.chat_attachment USING btree (message_id);


--
-- TOC entry 4912 (class 1259 OID 17450)
-- Name: chat_chat_admins_chat_id_ec32fc08; Type: INDEX; Schema: public; Owner: postgres
--

CREATE INDEX chat_chat_admins_chat_id_ec32fc08 ON public.chat_chat_admins USING btree (chat_id);


--
-- TOC entry 4913 (class 1259 OID 17451)
-- Name: chat_chat_admins_customuser_id_03a5516c; Type: INDEX; Schema: public; Owner: postgres
--

CREATE INDEX chat_chat_admins_customuser_id_03a5516c ON public.chat_chat_admins USING btree (customuser_id);


--
-- TOC entry 4857 (class 1259 OID 17452)
-- Name: chat_chat_creator_id_2a9052bb; Type: INDEX; Schema: public; Owner: postgres
--

CREATE INDEX chat_chat_creator_id_2a9052bb ON public.chat_chat USING btree (creator_id);


--
-- TOC entry 4860 (class 1259 OID 17158)
-- Name: chat_chat_participants_chat_id_c4383b55; Type: INDEX; Schema: public; Owner: postgres
--

CREATE INDEX chat_chat_participants_chat_id_c4383b55 ON public.chat_chat_participants USING btree (chat_id);


--
-- TOC entry 4863 (class 1259 OID 17159)
-- Name: chat_chat_participants_customuser_id_7fc2538b; Type: INDEX; Schema: public; Owner: postgres
--

CREATE INDEX chat_chat_participants_customuser_id_7fc2538b ON public.chat_chat_participants USING btree (customuser_id);


--
-- TOC entry 4919 (class 1259 OID 17483)
-- Name: chat_hiddenchat_chat_id_993dc5e9; Type: INDEX; Schema: public; Owner: postgres
--

CREATE INDEX chat_hiddenchat_chat_id_993dc5e9 ON public.chat_hiddenchat USING btree (chat_id);


--
-- TOC entry 4922 (class 1259 OID 17484)
-- Name: chat_hiddenchat_user_id_23129819; Type: INDEX; Schema: public; Owner: postgres
--

CREATE INDEX chat_hiddenchat_user_id_23129819 ON public.chat_hiddenchat USING btree (user_id);


--
-- TOC entry 4866 (class 1259 OID 17170)
-- Name: chat_message_chat_id_21483fa7; Type: INDEX; Schema: public; Owner: postgres
--

CREATE INDEX chat_message_chat_id_21483fa7 ON public.chat_message USING btree (chat_id);


--
-- TOC entry 4869 (class 1259 OID 17171)
-- Name: chat_message_sender_id_991c686c; Type: INDEX; Schema: public; Owner: postgres
--

CREATE INDEX chat_message_sender_id_991c686c ON public.chat_message USING btree (sender_id);


--
-- TOC entry 4853 (class 1259 OID 17124)
-- Name: django_admin_log_content_type_id_c4bce8eb; Type: INDEX; Schema: public; Owner: postgres
--

CREATE INDEX django_admin_log_content_type_id_c4bce8eb ON public.django_admin_log USING btree (content_type_id);


--
-- TOC entry 4856 (class 1259 OID 17125)
-- Name: django_admin_log_user_id_c564eba6; Type: INDEX; Schema: public; Owner: postgres
--

CREATE INDEX django_admin_log_user_id_c564eba6 ON public.django_admin_log USING btree (user_id);


--
-- TOC entry 4900 (class 1259 OID 17305)
-- Name: django_session_expire_date_a5c62663; Type: INDEX; Schema: public; Owner: postgres
--

CREATE INDEX django_session_expire_date_a5c62663 ON public.django_session USING btree (expire_date);


--
-- TOC entry 4903 (class 1259 OID 17304)
-- Name: django_session_session_key_c0390e0f_like; Type: INDEX; Schema: public; Owner: postgres
--

CREATE INDEX django_session_session_key_c0390e0f_like ON public.django_session USING btree (session_key varchar_pattern_ops);


--
-- TOC entry 4872 (class 1259 OID 17254)
-- Name: main_beer_alcoholtype_id_b0b864ac; Type: INDEX; Schema: public; Owner: postgres
--

CREATE INDEX main_beer_alcoholtype_id_b0b864ac ON public.main_beer USING btree (alcoholtype_id);


--
-- TOC entry 4875 (class 1259 OID 17324)
-- Name: main_beer_slug_aa77e2f2; Type: INDEX; Schema: public; Owner: postgres
--

CREATE INDEX main_beer_slug_aa77e2f2 ON public.main_beer USING btree (slug);


--
-- TOC entry 4876 (class 1259 OID 17325)
-- Name: main_beer_slug_aa77e2f2_like; Type: INDEX; Schema: public; Owner: postgres
--

CREATE INDEX main_beer_slug_aa77e2f2_like ON public.main_beer USING btree (slug varchar_pattern_ops);


--
-- TOC entry 4877 (class 1259 OID 17260)
-- Name: main_cognak_alcoholtype_id_6b7adf30; Type: INDEX; Schema: public; Owner: postgres
--

CREATE INDEX main_cognak_alcoholtype_id_6b7adf30 ON public.main_cognak USING btree (alcoholtype_id);


--
-- TOC entry 4880 (class 1259 OID 17326)
-- Name: main_cognak_slug_387ba389; Type: INDEX; Schema: public; Owner: postgres
--

CREATE INDEX main_cognak_slug_387ba389 ON public.main_cognak USING btree (slug);


--
-- TOC entry 4881 (class 1259 OID 17327)
-- Name: main_cognak_slug_387ba389_like; Type: INDEX; Schema: public; Owner: postgres
--

CREATE INDEX main_cognak_slug_387ba389_like ON public.main_cognak USING btree (slug varchar_pattern_ops);


--
-- TOC entry 4927 (class 1259 OID 17509)
-- Name: main_order_user_id_f3a58861; Type: INDEX; Schema: public; Owner: postgres
--

CREATE INDEX main_order_user_id_f3a58861 ON public.main_order USING btree (user_id);


--
-- TOC entry 4928 (class 1259 OID 17520)
-- Name: main_orderitem_content_type_id_c7ff10fa; Type: INDEX; Schema: public; Owner: postgres
--

CREATE INDEX main_orderitem_content_type_id_c7ff10fa ON public.main_orderitem USING btree (content_type_id);


--
-- TOC entry 4929 (class 1259 OID 17521)
-- Name: main_orderitem_order_id_72ea9725; Type: INDEX; Schema: public; Owner: postgres
--

CREATE INDEX main_orderitem_order_id_72ea9725 ON public.main_orderitem USING btree (order_id);


--
-- TOC entry 4882 (class 1259 OID 17271)
-- Name: main_purchasehistory_content_type_id_20c278c9; Type: INDEX; Schema: public; Owner: postgres
--

CREATE INDEX main_purchasehistory_content_type_id_20c278c9 ON public.main_purchasehistory USING btree (content_type_id);


--
-- TOC entry 4885 (class 1259 OID 17272)
-- Name: main_purchasehistory_user_id_7abbf287; Type: INDEX; Schema: public; Owner: postgres
--

CREATE INDEX main_purchasehistory_user_id_7abbf287 ON public.main_purchasehistory USING btree (user_id);


--
-- TOC entry 4886 (class 1259 OID 17283)
-- Name: main_reviews_author_id_32237268; Type: INDEX; Schema: public; Owner: postgres
--

CREATE INDEX main_reviews_author_id_32237268 ON public.main_reviews USING btree (author_id);


--
-- TOC entry 4887 (class 1259 OID 17284)
-- Name: main_reviews_content_type_id_326ae0d0; Type: INDEX; Schema: public; Owner: postgres
--

CREATE INDEX main_reviews_content_type_id_326ae0d0 ON public.main_reviews USING btree (content_type_id);


--
-- TOC entry 4890 (class 1259 OID 17290)
-- Name: main_vine_alcoholtype_id_01eaa1fa; Type: INDEX; Schema: public; Owner: postgres
--

CREATE INDEX main_vine_alcoholtype_id_01eaa1fa ON public.main_vine USING btree (alcoholtype_id);


--
-- TOC entry 4893 (class 1259 OID 17342)
-- Name: main_vine_slug_54f6e72c; Type: INDEX; Schema: public; Owner: postgres
--

CREATE INDEX main_vine_slug_54f6e72c ON public.main_vine USING btree (slug);


--
-- TOC entry 4894 (class 1259 OID 17343)
-- Name: main_vine_slug_54f6e72c_like; Type: INDEX; Schema: public; Owner: postgres
--

CREATE INDEX main_vine_slug_54f6e72c_like ON public.main_vine USING btree (slug varchar_pattern_ops);


--
-- TOC entry 4895 (class 1259 OID 17296)
-- Name: main_vodka_alcoholtype_id_b1827ff0; Type: INDEX; Schema: public; Owner: postgres
--

CREATE INDEX main_vodka_alcoholtype_id_b1827ff0 ON public.main_vodka USING btree (alcoholtype_id);


--
-- TOC entry 4898 (class 1259 OID 17330)
-- Name: main_vodka_slug_f82a1574; Type: INDEX; Schema: public; Owner: postgres
--

CREATE INDEX main_vodka_slug_f82a1574 ON public.main_vodka USING btree (slug);


--
-- TOC entry 4899 (class 1259 OID 17331)
-- Name: main_vodka_slug_f82a1574_like; Type: INDEX; Schema: public; Owner: postgres
--

CREATE INDEX main_vodka_slug_f82a1574_like ON public.main_vodka USING btree (slug varchar_pattern_ops);


--
-- TOC entry 4937 (class 2606 OID 17042)
-- Name: account_customuser_friends account_customuser_f_from_customuser_id_b5151516_fk_account_c; Type: FK CONSTRAINT; Schema: public; Owner: postgres
--

ALTER TABLE ONLY public.account_customuser_friends
    ADD CONSTRAINT account_customuser_f_from_customuser_id_b5151516_fk_account_c FOREIGN KEY (from_customuser_id) REFERENCES public.account_customuser(id) DEFERRABLE INITIALLY DEFERRED;


--
-- TOC entry 4935 (class 2606 OID 17028)
-- Name: account_customuser_following account_customuser_f_from_customuser_id_d7577f03_fk_account_c; Type: FK CONSTRAINT; Schema: public; Owner: postgres
--

ALTER TABLE ONLY public.account_customuser_following
    ADD CONSTRAINT account_customuser_f_from_customuser_id_d7577f03_fk_account_c FOREIGN KEY (from_customuser_id) REFERENCES public.account_customuser(id) DEFERRABLE INITIALLY DEFERRED;


--
-- TOC entry 4938 (class 2606 OID 17047)
-- Name: account_customuser_friends account_customuser_f_to_customuser_id_2fc5fc6b_fk_account_c; Type: FK CONSTRAINT; Schema: public; Owner: postgres
--

ALTER TABLE ONLY public.account_customuser_friends
    ADD CONSTRAINT account_customuser_f_to_customuser_id_2fc5fc6b_fk_account_c FOREIGN KEY (to_customuser_id) REFERENCES public.account_customuser(id) DEFERRABLE INITIALLY DEFERRED;


--
-- TOC entry 4936 (class 2606 OID 17033)
-- Name: account_customuser_following account_customuser_f_to_customuser_id_9407e28c_fk_account_c; Type: FK CONSTRAINT; Schema: public; Owner: postgres
--

ALTER TABLE ONLY public.account_customuser_following
    ADD CONSTRAINT account_customuser_f_to_customuser_id_9407e28c_fk_account_c FOREIGN KEY (to_customuser_id) REFERENCES public.account_customuser(id) DEFERRABLE INITIALLY DEFERRED;


--
-- TOC entry 4939 (class 2606 OID 17056)
-- Name: account_customuser_groups account_customuser_g_customuser_id_b6c60904_fk_account_c; Type: FK CONSTRAINT; Schema: public; Owner: postgres
--

ALTER TABLE ONLY public.account_customuser_groups
    ADD CONSTRAINT account_customuser_g_customuser_id_b6c60904_fk_account_c FOREIGN KEY (customuser_id) REFERENCES public.account_customuser(id) DEFERRABLE INITIALLY DEFERRED;


--
-- TOC entry 4940 (class 2606 OID 17061)
-- Name: account_customuser_groups account_customuser_groups_group_id_2be9f6d7_fk_auth_group_id; Type: FK CONSTRAINT; Schema: public; Owner: postgres
--

ALTER TABLE ONLY public.account_customuser_groups
    ADD CONSTRAINT account_customuser_groups_group_id_2be9f6d7_fk_auth_group_id FOREIGN KEY (group_id) REFERENCES public.auth_group(id) DEFERRABLE INITIALLY DEFERRED;


--
-- TOC entry 4961 (class 2606 OID 17382)
-- Name: account_customuser_ignored_requests account_customuser_i_from_customuser_id_d7694d46_fk_account_c; Type: FK CONSTRAINT; Schema: public; Owner: postgres
--

ALTER TABLE ONLY public.account_customuser_ignored_requests
    ADD CONSTRAINT account_customuser_i_from_customuser_id_d7694d46_fk_account_c FOREIGN KEY (from_customuser_id) REFERENCES public.account_customuser(id) DEFERRABLE INITIALLY DEFERRED;


--
-- TOC entry 4962 (class 2606 OID 17387)
-- Name: account_customuser_ignored_requests account_customuser_i_to_customuser_id_d0678ba8_fk_account_c; Type: FK CONSTRAINT; Schema: public; Owner: postgres
--

ALTER TABLE ONLY public.account_customuser_ignored_requests
    ADD CONSTRAINT account_customuser_i_to_customuser_id_d0678ba8_fk_account_c FOREIGN KEY (to_customuser_id) REFERENCES public.account_customuser(id) DEFERRABLE INITIALLY DEFERRED;


--
-- TOC entry 4941 (class 2606 OID 17070)
-- Name: account_customuser_user_permissions account_customuser_u_customuser_id_03bcc114_fk_account_c; Type: FK CONSTRAINT; Schema: public; Owner: postgres
--

ALTER TABLE ONLY public.account_customuser_user_permissions
    ADD CONSTRAINT account_customuser_u_customuser_id_03bcc114_fk_account_c FOREIGN KEY (customuser_id) REFERENCES public.account_customuser(id) DEFERRABLE INITIALLY DEFERRED;


--
-- TOC entry 4942 (class 2606 OID 17075)
-- Name: account_customuser_user_permissions account_customuser_u_permission_id_f4aec423_fk_auth_perm; Type: FK CONSTRAINT; Schema: public; Owner: postgres
--

ALTER TABLE ONLY public.account_customuser_user_permissions
    ADD CONSTRAINT account_customuser_u_permission_id_f4aec423_fk_auth_perm FOREIGN KEY (permission_id) REFERENCES public.auth_permission(id) DEFERRABLE INITIALLY DEFERRED;


--
-- TOC entry 4943 (class 2606 OID 17082)
-- Name: account_newsfeed account_newsfeed_profile_id_d57217d1_fk_account_customuser_id; Type: FK CONSTRAINT; Schema: public; Owner: postgres
--

ALTER TABLE ONLY public.account_newsfeed
    ADD CONSTRAINT account_newsfeed_profile_id_d57217d1_fk_account_customuser_id FOREIGN KEY (profile_id) REFERENCES public.account_customuser(id) DEFERRABLE INITIALLY DEFERRED;


--
-- TOC entry 4944 (class 2606 OID 17100)
-- Name: account_newsfeedcomments account_newsfeedcomm_newsfeed_id_d15d8711_fk_account_n; Type: FK CONSTRAINT; Schema: public; Owner: postgres
--

ALTER TABLE ONLY public.account_newsfeedcomments
    ADD CONSTRAINT account_newsfeedcomm_newsfeed_id_d15d8711_fk_account_n FOREIGN KEY (newsfeed_id) REFERENCES public.account_newsfeed(id) DEFERRABLE INITIALLY DEFERRED;


--
-- TOC entry 4945 (class 2606 OID 17093)
-- Name: account_newsfeedcomments account_newsfeedcomm_profile_id_ae488c93_fk_account_c; Type: FK CONSTRAINT; Schema: public; Owner: postgres
--

ALTER TABLE ONLY public.account_newsfeedcomments
    ADD CONSTRAINT account_newsfeedcomm_profile_id_ae488c93_fk_account_c FOREIGN KEY (profile_id) REFERENCES public.account_customuser(id) DEFERRABLE INITIALLY DEFERRED;


--
-- TOC entry 4933 (class 2606 OID 16959)
-- Name: auth_group_permissions auth_group_permissio_permission_id_84c5c92e_fk_auth_perm; Type: FK CONSTRAINT; Schema: public; Owner: postgres
--

ALTER TABLE ONLY public.auth_group_permissions
    ADD CONSTRAINT auth_group_permissio_permission_id_84c5c92e_fk_auth_perm FOREIGN KEY (permission_id) REFERENCES public.auth_permission(id) DEFERRABLE INITIALLY DEFERRED;


--
-- TOC entry 4934 (class 2606 OID 16954)
-- Name: auth_group_permissions auth_group_permissions_group_id_b120cbf9_fk_auth_group_id; Type: FK CONSTRAINT; Schema: public; Owner: postgres
--

ALTER TABLE ONLY public.auth_group_permissions
    ADD CONSTRAINT auth_group_permissions_group_id_b120cbf9_fk_auth_group_id FOREIGN KEY (group_id) REFERENCES public.auth_group(id) DEFERRABLE INITIALLY DEFERRED;


--
-- TOC entry 4932 (class 2606 OID 16945)
-- Name: auth_permission auth_permission_content_type_id_2f476e4b_fk_django_co; Type: FK CONSTRAINT; Schema: public; Owner: postgres
--

ALTER TABLE ONLY public.auth_permission
    ADD CONSTRAINT auth_permission_content_type_id_2f476e4b_fk_django_co FOREIGN KEY (content_type_id) REFERENCES public.django_content_type(id) DEFERRABLE INITIALLY DEFERRED;


--
-- TOC entry 4965 (class 2606 OID 17459)
-- Name: chat_attachment chat_attachment_message_id_bca6b8de_fk_chat_message_id; Type: FK CONSTRAINT; Schema: public; Owner: postgres
--

ALTER TABLE ONLY public.chat_attachment
    ADD CONSTRAINT chat_attachment_message_id_bca6b8de_fk_chat_message_id FOREIGN KEY (message_id) REFERENCES public.chat_message(id) DEFERRABLE INITIALLY DEFERRED;


--
-- TOC entry 4963 (class 2606 OID 17440)
-- Name: chat_chat_admins chat_chat_admins_chat_id_ec32fc08_fk_chat_chat_id; Type: FK CONSTRAINT; Schema: public; Owner: postgres
--

ALTER TABLE ONLY public.chat_chat_admins
    ADD CONSTRAINT chat_chat_admins_chat_id_ec32fc08_fk_chat_chat_id FOREIGN KEY (chat_id) REFERENCES public.chat_chat(id) DEFERRABLE INITIALLY DEFERRED;


--
-- TOC entry 4964 (class 2606 OID 17445)
-- Name: chat_chat_admins chat_chat_admins_customuser_id_03a5516c_fk_account_c; Type: FK CONSTRAINT; Schema: public; Owner: postgres
--

ALTER TABLE ONLY public.chat_chat_admins
    ADD CONSTRAINT chat_chat_admins_customuser_id_03a5516c_fk_account_c FOREIGN KEY (customuser_id) REFERENCES public.account_customuser(id) DEFERRABLE INITIALLY DEFERRED;


--
-- TOC entry 4948 (class 2606 OID 17433)
-- Name: chat_chat chat_chat_creator_id_2a9052bb_fk_account_customuser_id; Type: FK CONSTRAINT; Schema: public; Owner: postgres
--

ALTER TABLE ONLY public.chat_chat
    ADD CONSTRAINT chat_chat_creator_id_2a9052bb_fk_account_customuser_id FOREIGN KEY (creator_id) REFERENCES public.account_customuser(id) DEFERRABLE INITIALLY DEFERRED;


--
-- TOC entry 4949 (class 2606 OID 17153)
-- Name: chat_chat_participants chat_chat_participan_customuser_id_7fc2538b_fk_account_c; Type: FK CONSTRAINT; Schema: public; Owner: postgres
--

ALTER TABLE ONLY public.chat_chat_participants
    ADD CONSTRAINT chat_chat_participan_customuser_id_7fc2538b_fk_account_c FOREIGN KEY (customuser_id) REFERENCES public.account_customuser(id) DEFERRABLE INITIALLY DEFERRED;


--
-- TOC entry 4950 (class 2606 OID 17148)
-- Name: chat_chat_participants chat_chat_participants_chat_id_c4383b55_fk_chat_chat_id; Type: FK CONSTRAINT; Schema: public; Owner: postgres
--

ALTER TABLE ONLY public.chat_chat_participants
    ADD CONSTRAINT chat_chat_participants_chat_id_c4383b55_fk_chat_chat_id FOREIGN KEY (chat_id) REFERENCES public.chat_chat(id) DEFERRABLE INITIALLY DEFERRED;


--
-- TOC entry 4966 (class 2606 OID 17473)
-- Name: chat_hiddenchat chat_hiddenchat_chat_id_993dc5e9_fk_chat_chat_id; Type: FK CONSTRAINT; Schema: public; Owner: postgres
--

ALTER TABLE ONLY public.chat_hiddenchat
    ADD CONSTRAINT chat_hiddenchat_chat_id_993dc5e9_fk_chat_chat_id FOREIGN KEY (chat_id) REFERENCES public.chat_chat(id) DEFERRABLE INITIALLY DEFERRED;


--
-- TOC entry 4967 (class 2606 OID 17478)
-- Name: chat_hiddenchat chat_hiddenchat_user_id_23129819_fk_account_customuser_id; Type: FK CONSTRAINT; Schema: public; Owner: postgres
--

ALTER TABLE ONLY public.chat_hiddenchat
    ADD CONSTRAINT chat_hiddenchat_user_id_23129819_fk_account_customuser_id FOREIGN KEY (user_id) REFERENCES public.account_customuser(id) DEFERRABLE INITIALLY DEFERRED;


--
-- TOC entry 4951 (class 2606 OID 17160)
-- Name: chat_message chat_message_chat_id_21483fa7_fk_chat_chat_id; Type: FK CONSTRAINT; Schema: public; Owner: postgres
--

ALTER TABLE ONLY public.chat_message
    ADD CONSTRAINT chat_message_chat_id_21483fa7_fk_chat_chat_id FOREIGN KEY (chat_id) REFERENCES public.chat_chat(id) DEFERRABLE INITIALLY DEFERRED;


--
-- TOC entry 4952 (class 2606 OID 17165)
-- Name: chat_message chat_message_sender_id_991c686c_fk_account_customuser_id; Type: FK CONSTRAINT; Schema: public; Owner: postgres
--

ALTER TABLE ONLY public.chat_message
    ADD CONSTRAINT chat_message_sender_id_991c686c_fk_account_customuser_id FOREIGN KEY (sender_id) REFERENCES public.account_customuser(id) DEFERRABLE INITIALLY DEFERRED;


--
-- TOC entry 4946 (class 2606 OID 17114)
-- Name: django_admin_log django_admin_log_content_type_id_c4bce8eb_fk_django_co; Type: FK CONSTRAINT; Schema: public; Owner: postgres
--

ALTER TABLE ONLY public.django_admin_log
    ADD CONSTRAINT django_admin_log_content_type_id_c4bce8eb_fk_django_co FOREIGN KEY (content_type_id) REFERENCES public.django_content_type(id) DEFERRABLE INITIALLY DEFERRED;


--
-- TOC entry 4947 (class 2606 OID 17119)
-- Name: django_admin_log django_admin_log_user_id_c564eba6_fk_account_customuser_id; Type: FK CONSTRAINT; Schema: public; Owner: postgres
--

ALTER TABLE ONLY public.django_admin_log
    ADD CONSTRAINT django_admin_log_user_id_c564eba6_fk_account_customuser_id FOREIGN KEY (user_id) REFERENCES public.account_customuser(id) DEFERRABLE INITIALLY DEFERRED;


--
-- TOC entry 4953 (class 2606 OID 17249)
-- Name: main_beer main_beer_alcoholtype_id_b0b864ac_fk_main_alcoholtype_id; Type: FK CONSTRAINT; Schema: public; Owner: postgres
--

ALTER TABLE ONLY public.main_beer
    ADD CONSTRAINT main_beer_alcoholtype_id_b0b864ac_fk_main_alcoholtype_id FOREIGN KEY (alcoholtype_id) REFERENCES public.main_alcoholtype(id) DEFERRABLE INITIALLY DEFERRED;


--
-- TOC entry 4954 (class 2606 OID 17255)
-- Name: main_cognak main_cognak_alcoholtype_id_6b7adf30_fk_main_alcoholtype_id; Type: FK CONSTRAINT; Schema: public; Owner: postgres
--

ALTER TABLE ONLY public.main_cognak
    ADD CONSTRAINT main_cognak_alcoholtype_id_6b7adf30_fk_main_alcoholtype_id FOREIGN KEY (alcoholtype_id) REFERENCES public.main_alcoholtype(id) DEFERRABLE INITIALLY DEFERRED;


--
-- TOC entry 4968 (class 2606 OID 17504)
-- Name: main_order main_order_user_id_f3a58861_fk_account_customuser_id; Type: FK CONSTRAINT; Schema: public; Owner: postgres
--

ALTER TABLE ONLY public.main_order
    ADD CONSTRAINT main_order_user_id_f3a58861_fk_account_customuser_id FOREIGN KEY (user_id) REFERENCES public.account_customuser(id) DEFERRABLE INITIALLY DEFERRED;


--
-- TOC entry 4969 (class 2606 OID 17510)
-- Name: main_orderitem main_orderitem_content_type_id_c7ff10fa_fk_django_co; Type: FK CONSTRAINT; Schema: public; Owner: postgres
--

ALTER TABLE ONLY public.main_orderitem
    ADD CONSTRAINT main_orderitem_content_type_id_c7ff10fa_fk_django_co FOREIGN KEY (content_type_id) REFERENCES public.django_content_type(id) DEFERRABLE INITIALLY DEFERRED;


--
-- TOC entry 4970 (class 2606 OID 17515)
-- Name: main_orderitem main_orderitem_order_id_72ea9725_fk_main_order_id; Type: FK CONSTRAINT; Schema: public; Owner: postgres
--

ALTER TABLE ONLY public.main_orderitem
    ADD CONSTRAINT main_orderitem_order_id_72ea9725_fk_main_order_id FOREIGN KEY (order_id) REFERENCES public.main_order(id) DEFERRABLE INITIALLY DEFERRED;


--
-- TOC entry 4955 (class 2606 OID 17261)
-- Name: main_purchasehistory main_purchasehistory_content_type_id_20c278c9_fk_django_co; Type: FK CONSTRAINT; Schema: public; Owner: postgres
--

ALTER TABLE ONLY public.main_purchasehistory
    ADD CONSTRAINT main_purchasehistory_content_type_id_20c278c9_fk_django_co FOREIGN KEY (content_type_id) REFERENCES public.django_content_type(id) DEFERRABLE INITIALLY DEFERRED;


--
-- TOC entry 4956 (class 2606 OID 17266)
-- Name: main_purchasehistory main_purchasehistory_user_id_7abbf287_fk_account_customuser_id; Type: FK CONSTRAINT; Schema: public; Owner: postgres
--

ALTER TABLE ONLY public.main_purchasehistory
    ADD CONSTRAINT main_purchasehistory_user_id_7abbf287_fk_account_customuser_id FOREIGN KEY (user_id) REFERENCES public.account_customuser(id) DEFERRABLE INITIALLY DEFERRED;


--
-- TOC entry 4957 (class 2606 OID 17273)
-- Name: main_reviews main_reviews_author_id_32237268_fk_account_customuser_id; Type: FK CONSTRAINT; Schema: public; Owner: postgres
--

ALTER TABLE ONLY public.main_reviews
    ADD CONSTRAINT main_reviews_author_id_32237268_fk_account_customuser_id FOREIGN KEY (author_id) REFERENCES public.account_customuser(id) DEFERRABLE INITIALLY DEFERRED;


--
-- TOC entry 4958 (class 2606 OID 17278)
-- Name: main_reviews main_reviews_content_type_id_326ae0d0_fk_django_content_type_id; Type: FK CONSTRAINT; Schema: public; Owner: postgres
--

ALTER TABLE ONLY public.main_reviews
    ADD CONSTRAINT main_reviews_content_type_id_326ae0d0_fk_django_content_type_id FOREIGN KEY (content_type_id) REFERENCES public.django_content_type(id) DEFERRABLE INITIALLY DEFERRED;


--
-- TOC entry 4959 (class 2606 OID 17285)
-- Name: main_vine main_vine_alcoholtype_id_01eaa1fa_fk_main_alcoholtype_id; Type: FK CONSTRAINT; Schema: public; Owner: postgres
--

ALTER TABLE ONLY public.main_vine
    ADD CONSTRAINT main_vine_alcoholtype_id_01eaa1fa_fk_main_alcoholtype_id FOREIGN KEY (alcoholtype_id) REFERENCES public.main_alcoholtype(id) DEFERRABLE INITIALLY DEFERRED;


--
-- TOC entry 4960 (class 2606 OID 17291)
-- Name: main_vodka main_vodka_alcoholtype_id_b1827ff0_fk_main_alcoholtype_id; Type: FK CONSTRAINT; Schema: public; Owner: postgres
--

ALTER TABLE ONLY public.main_vodka
    ADD CONSTRAINT main_vodka_alcoholtype_id_b1827ff0_fk_main_alcoholtype_id FOREIGN KEY (alcoholtype_id) REFERENCES public.main_alcoholtype(id) DEFERRABLE INITIALLY DEFERRED;


-- Completed on 2025-07-23 18:04:55

--
-- PostgreSQL database dump complete
--

